PassengerId,Survived,Sex,Age,SibSp,Parch,Fare,No_Cabins,Deck_A,Deck_B,Deck_C,Deck_D,Deck_E,Deck_F,Deck_G,Deck_n,Master,Mid_rank,Miss,Mx,Nobility,Embarked_C,Embarked_Q,Embarked_S,Pclass_1,Pclass_2,Pclass_3,Ticket_Len,Ticket_Segm
1,0,1,22.0,1,0,7.25,1,0,0,0,0,0,0,0,1,0,0,0,1,0,0,0,1,0,0,1,9,2
2,1,0,38.0,1,0,71.2833,1,0,0,1,0,0,0,0,0,0,0,0,1,0,1,0,0,1,0,0,8,2
3,1,0,26.0,0,0,7.925,1,0,0,0,0,0,0,0,1,0,0,1,0,0,0,0,1,0,0,1,16,2
4,1,0,35.0,1,0,53.1,1,0,0,1,0,0,0,0,0,0,0,0,1,0,0,0,1,1,0,0,6,1
5,0,1,35.0,0,0,8.05,1,0,0,0,0,0,0,0,1,0,0,0,1,0,0,0,1,0,0,1,6,1
6,0,1,33.5,0,0,8.4583,1,0,0,0,0,0,0,0,1,0,0,0,1,0,0,1,0,0,0,1,6,1
7,0,1,54.0,0,0,51.8625,1,0,0,0,0,1,0,0,0,0,0,0,1,0,0,0,1,1,0,0,5,1
8,0,1,2.0,3,1,21.075,1,0,0,0,0,0,0,0,1,1,0,0,0,0,0,0,1,0,0,1,6,1
9,1,0,27.0,0,2,11.1333,1,0,0,0,0,0,0,0,1,0,0,0,1,0,0,0,1,0,0,1,6,1
10,1,0,14.0,1,0,30.0708,1,0,0,0,0,0,0,0,1,0,0,0,1,0,1,0,0,0,1,0,6,1
11,1,0,4.0,1,1,16.7,1,0,0,0,0,0,0,1,0,0,0,1,0,0,0,0,1,0,0,1,7,2
12,1,0,58.0,0,0,26.55,1,0,0,1,0,0,0,0,0,0,0,1,0,0,0,0,1,1,0,0,6,1
13,0,1,20.0,0,0,8.05,1,0,0,0,0,0,0,0,1,0,0,0,1,0,0,0,1,0,0,1,9,2
14,0,1,39.0,1,5,31.275,1,0,0,0,0,0,0,0,1,0,0,0,1,0,0,0,1,0,0,1,6,1
15,0,0,14.0,0,0,7.8542,1,0,0,0,0,0,0,0,1,0,0,1,0,0,0,0,1,0,0,1,6,1
16,1,0,55.0,0,0,16.0,1,0,0,0,0,0,0,0,1,0,0,0,1,0,0,0,1,0,1,0,6,1
17,0,1,2.0,4,1,29.125,1,0,0,0,0,0,0,0,1,1,0,0,0,0,0,1,0,0,0,1,6,1
18,1,1,33.5,0,0,13.0,1,0,0,0,0,0,0,0,1,0,0,0,1,0,0,0,1,0,1,0,6,1
19,0,0,31.0,1,0,18.0,1,0,0,0,0,0,0,0,1,0,0,0,1,0,0,0,1,0,0,1,6,1
20,1,0,33.5,0,0,7.225,1,0,0,0,0,0,0,0,1,0,0,0,1,0,1,0,0,0,0,1,4,1
21,0,1,35.0,0,0,26.0,1,0,0,0,0,0,0,0,1,0,0,0,1,0,0,0,1,0,1,0,6,1
22,1,1,34.0,0,0,13.0,1,0,0,0,1,0,0,0,0,0,0,0,1,0,0,0,1,0,1,0,6,1
23,1,0,15.0,0,0,8.0292,1,0,0,0,0,0,0,0,1,0,0,1,0,0,0,1,0,0,0,1,6,1
24,1,1,28.0,0,0,35.5,1,1,0,0,0,0,0,0,0,0,0,0,1,0,0,0,1,1,0,0,6,1
25,0,0,8.0,3,1,21.075,1,0,0,0,0,0,0,0,1,0,0,1,0,0,0,0,1,0,0,1,6,1
26,1,0,38.0,1,5,31.3875,1,0,0,0,0,0,0,0,1,0,0,0,1,0,0,0,1,0,0,1,6,1
27,0,1,33.5,0,0,7.225,1,0,0,0,0,0,0,0,1,0,0,0,1,0,1,0,0,0,0,1,4,1
28,0,1,19.0,3,2,263.0,3,0,0,1,0,0,0,0,0,0,0,0,1,0,0,0,1,1,0,0,5,1
29,1,0,21.5,0,0,7.8792,1,0,0,0,0,0,0,0,1,0,0,1,0,0,0,1,0,0,0,1,6,1
30,0,1,33.5,0,0,7.8958,1,0,0,0,0,0,0,0,1,0,0,0,1,0,0,0,1,0,0,1,6,1
31,0,1,40.0,0,0,27.7208,1,0,0,0,0,0,0,0,1,0,0,0,0,1,1,0,0,1,0,0,8,2
32,1,0,33.5,1,0,146.5208,1,0,1,0,0,0,0,0,0,0,0,0,1,0,1,0,0,1,0,0,8,2
33,1,0,21.5,0,0,7.75,1,0,0,0,0,0,0,0,1,0,0,1,0,0,0,1,0,0,0,1,6,1
34,0,1,66.0,0,0,10.5,1,0,0,0,0,0,0,0,1,0,0,0,1,0,0,0,1,0,1,0,10,2
35,0,1,28.0,1,0,82.1708,1,0,0,0,0,0,0,0,1,0,0,0,1,0,1,0,0,1,0,0,8,2
36,0,1,42.0,1,0,52.0,1,0,0,0,0,0,0,0,1,0,0,0,1,0,0,0,1,1,0,0,6,1
37,1,1,33.5,0,0,7.2292,1,0,0,0,0,0,0,0,1,0,0,0,1,0,1,0,0,0,0,1,4,1
38,0,1,21.0,0,0,8.05,1,0,0,0,0,0,0,0,1,0,0,0,1,0,0,0,1,0,0,1,10,2
39,0,0,18.0,2,0,18.0,1,0,0,0,0,0,0,0,1,0,0,1,0,0,0,0,1,0,0,1,6,1
40,1,0,14.0,1,0,11.2417,1,0,0,0,0,0,0,0,1,0,0,1,0,0,1,0,0,0,0,1,4,1
41,0,0,40.0,1,0,9.475,1,0,0,0,0,0,0,0,1,0,0,0,1,0,0,0,1,0,0,1,4,1
42,0,0,27.0,1,0,21.0,1,0,0,0,0,0,0,0,1,0,0,0,1,0,0,0,1,0,1,0,5,1
43,0,1,33.5,0,0,7.8958,1,0,0,0,0,0,0,0,1,0,0,0,1,0,1,0,0,0,0,1,6,1
44,1,0,3.0,1,2,41.5792,1,0,0,0,0,0,0,0,1,0,0,1,0,0,1,0,0,0,1,0,13,2
45,1,0,19.0,0,0,7.8792,1,0,0,0,0,0,0,0,1,0,0,1,0,0,0,1,0,0,0,1,6,1
46,0,1,33.5,0,0,8.05,1,0,0,0,0,0,0,0,1,0,0,0,1,0,0,0,1,0,0,1,15,2
47,0,1,33.5,1,0,15.5,1,0,0,0,0,0,0,0,1,0,0,0,1,0,0,1,0,0,0,1,6,1
48,1,0,21.5,0,0,7.75,1,0,0,0,0,0,0,0,1,0,0,1,0,0,0,1,0,0,0,1,5,1
49,0,1,33.5,2,0,21.6792,1,0,0,0,0,0,0,0,1,0,0,0,1,0,1,0,0,0,0,1,4,1
50,0,0,18.0,1,0,17.8,1,0,0,0,0,0,0,0,1,0,0,0,1,0,0,0,1,0,0,1,6,1
51,0,1,7.0,4,1,39.6875,1,0,0,0,0,0,0,0,1,1,0,0,0,0,0,0,1,0,0,1,7,1
52,0,1,21.0,0,0,7.8,1,0,0,0,0,0,0,0,1,0,0,0,1,0,0,0,1,0,0,1,10,2
53,1,0,49.0,1,0,76.7292,1,0,0,0,1,0,0,0,0,0,0,0,1,0,1,0,0,1,0,0,8,2
54,1,0,29.0,1,0,26.0,1,0,0,0,0,0,0,0,1,0,0,0,1,0,0,0,1,0,1,0,4,1
55,0,1,65.0,0,1,61.9792,1,0,1,0,0,0,0,0,0,0,0,0,1,0,1,0,0,1,0,0,6,1
56,1,1,33.5,0,0,35.5,1,0,0,1,0,0,0,0,0,0,0,0,1,0,0,0,1,1,0,0,5,1
57,1,0,21.0,0,0,10.5,1,0,0,0,0,0,0,0,1,0,0,1,0,0,0,0,1,0,1,0,10,2
58,0,1,28.5,0,0,7.2292,1,0,0,0,0,0,0,0,1,0,0,0,1,0,1,0,0,0,0,1,4,1
59,1,0,5.0,1,2,27.75,1,0,0,0,0,0,0,0,1,0,0,1,0,0,0,0,1,0,1,0,10,2
60,0,1,11.0,5,2,46.9,1,0,0,0,0,0,0,0,1,1,0,0,0,0,0,0,1,0,0,1,7,2
61,0,1,22.0,0,0,7.2292,1,0,0,0,0,0,0,0,1,0,0,0,1,0,1,0,0,0,0,1,4,1
62,1,0,38.0,0,0,80.0,1,0,1,0,0,0,0,0,0,0,0,1,0,0,0,0,1,1,0,0,6,1
63,0,1,45.0,1,0,83.475,1,0,0,1,0,0,0,0,0,0,0,0,1,0,0,0,1,1,0,0,5,1
64,0,1,4.0,3,2,27.9,1,0,0,0,0,0,0,0,1,1,0,0,0,0,0,0,1,0,0,1,6,1
65,0,1,33.5,0,0,27.7208,1,0,0,0,0,0,0,0,1,0,0,0,1,0,1,0,0,1,0,0,8,2
66,1,1,5.5,1,1,15.2458,1,0,0,0,0,0,0,0,1,1,0,0,0,0,1,0,0,0,0,1,4,1
67,1,0,29.0,0,0,10.5,1,0,0,0,0,0,1,0,0,0,0,0,1,0,0,0,1,0,1,0,10,2
68,0,1,19.0,0,0,8.1583,1,0,0,0,0,0,0,0,1,0,0,0,1,0,0,0,1,0,0,1,9,2
69,1,0,17.0,4,2,7.925,1,0,0,0,0,0,0,0,1,0,0,1,0,0,0,0,1,0,0,1,7,1
70,0,1,26.0,2,0,8.6625,1,0,0,0,0,0,0,0,1,0,0,0,1,0,0,0,1,0,0,1,6,1
71,0,1,32.0,0,0,10.5,1,0,0,0,0,0,0,0,1,0,0,0,1,0,0,0,1,0,1,0,10,2
72,0,0,16.0,5,2,46.9,1,0,0,0,0,0,0,0,1,0,0,1,0,0,0,0,1,0,0,1,7,2
73,0,1,21.0,0,0,73.5,1,0,0,0,0,0,0,0,1,0,0,0,1,0,0,0,1,0,1,0,12,2
74,0,1,26.0,1,0,14.4542,1,0,0,0,0,0,0,0,1,0,0,0,1,0,1,0,0,0,0,1,4,1
75,1,1,32.0,0,0,56.4958,1,0,0,0,0,0,0,0,1,0,0,0,1,0,0,0,1,0,0,1,4,1
76,0,1,25.0,0,0,7.65,2,0,0,0,0,0,1,0,0,0,0,0,1,0,0,0,1,0,0,1,6,1
77,0,1,33.5,0,0,7.8958,1,0,0,0,0,0,0,0,1,0,0,0,1,0,0,0,1,0,0,1,6,1
78,0,1,33.5,0,0,8.05,1,0,0,0,0,0,0,0,1,0,0,0,1,0,0,0,1,0,0,1,6,1
79,1,1,0.83,0,2,29.0,1,0,0,0,0,0,0,0,1,1,0,0,0,0,0,0,1,0,1,0,6,1
80,1,0,30.0,0,0,12.475,1,0,0,0,0,0,0,0,1,0,0,1,0,0,0,0,1,0,0,1,6,1
81,0,1,22.0,0,0,9.0,1,0,0,0,0,0,0,0,1,0,0,0,1,0,0,0,1,0,0,1,6,1
82,1,1,29.0,0,0,9.5,1,0,0,0,0,0,0,0,1,0,0,0,1,0,0,0,1,0,0,1,6,1
83,1,0,21.5,0,0,7.7875,1,0,0,0,0,0,0,0,1,0,0,1,0,0,0,1,0,0,0,1,6,1
84,0,1,28.0,0,0,47.1,1,0,0,0,0,0,0,0,1,0,0,0,1,0,0,0,1,1,0,0,6,1
85,1,0,17.0,0,0,10.5,1,0,0,0,0,0,0,0,1,0,0,1,0,0,0,0,1,0,1,0,10,2
86,1,0,33.0,3,0,15.85,1,0,0,0,0,0,0,0,1,0,0,0,1,0,0,0,1,0,0,1,7,1
87,0,1,16.0,1,3,34.375,1,0,0,0,0,0,0,0,1,0,0,0,1,0,0,0,1,0,0,1,10,2
88,0,1,33.5,0,0,8.05,1,0,0,0,0,0,0,0,1,0,0,0,1,0,0,0,1,0,0,1,15,2
89,1,0,23.0,3,2,263.0,3,0,0,1,0,0,0,0,0,0,0,1,0,0,0,0,1,1,0,0,5,1
90,0,1,24.0,0,0,8.05,1,0,0,0,0,0,0,0,1,0,0,0,1,0,0,0,1,0,0,1,6,1
91,0,1,29.0,0,0,8.05,1,0,0,0,0,0,0,0,1,0,0,0,1,0,0,0,1,0,0,1,6,1
92,0,1,20.0,0,0,7.8542,1,0,0,0,0,0,0,0,1,0,0,0,1,0,0,0,1,0,0,1,6,1
93,0,1,46.0,1,0,61.175,1,0,0,0,0,1,0,0,0,0,0,0,1,0,0,0,1,1,0,0,11,2
94,0,1,26.0,1,2,20.575,1,0,0,0,0,0,0,0,1,0,0,0,1,0,0,0,1,0,0,1,9,2
95,0,1,59.0,0,0,7.25,1,0,0,0,0,0,0,0,1,0,0,0,1,0,0,0,1,0,0,1,6,1
96,0,1,33.5,0,0,8.05,1,0,0,0,0,0,0,0,1,0,0,0,1,0,0,0,1,0,0,1,6,1
97,0,1,71.0,0,0,34.6542,1,1,0,0,0,0,0,0,0,0,0,0,1,0,1,0,0,1,0,0,8,2
98,1,1,23.0,0,1,63.3583,2,0,0,0,1,0,0,0,0,0,0,0,1,0,1,0,0,1,0,0,8,2
99,1,0,34.0,0,1,23.0,1,0,0,0,0,0,0,0,1,0,0,0,1,0,0,0,1,0,1,0,6,1
100,0,1,34.0,1,0,26.0,1,0,0,0,0,0,0,0,1,0,0,0,1,0,0,0,1,0,1,0,6,1
101,0,0,28.0,0,0,7.8958,1,0,0,0,0,0,0,0,1,0,0,1,0,0,0,0,1,0,0,1,6,1
102,0,1,33.5,0,0,7.8958,1,0,0,0,0,0,0,0,1,0,0,0,1,0,0,0,1,0,0,1,6,1
103,0,1,21.0,0,1,77.2875,1,0,0,0,1,0,0,0,0,0,0,0,1,0,0,0,1,1,0,0,5,1
104,0,1,33.0,0,0,8.6542,1,0,0,0,0,0,0,0,1,0,0,0,1,0,0,0,1,0,0,1,4,1
105,0,1,37.0,2,0,7.925,1,0,0,0,0,0,0,0,1,0,0,0,1,0,0,0,1,0,0,1,7,1
106,0,1,28.0,0,0,7.8958,1,0,0,0,0,0,0,0,1,0,0,0,1,0,0,0,1,0,0,1,6,1
107,1,0,21.0,0,0,7.65,1,0,0,0,0,0,0,0,1,0,0,1,0,0,0,0,1,0,0,1,6,1
108,1,1,33.5,0,0,7.775,1,0,0,0,0,0,0,0,1,0,0,0,1,0,0,0,1,0,0,1,6,1
109,0,1,38.0,0,0,7.8958,1,0,0,0,0,0,0,0,1,0,0,0,1,0,0,0,1,0,0,1,6,1
110,1,0,21.5,1,0,24.15,1,0,0,0,0,0,0,0,1,0,0,1,0,0,0,1,0,0,0,1,6,1
111,0,1,47.0,0,0,52.0,1,0,0,1,0,0,0,0,0,0,0,0,1,0,0,0,1,1,0,0,6,1
112,0,0,14.5,1,0,14.4542,1,0,0,0,0,0,0,0,1,0,0,1,0,0,1,0,0,0,0,1,4,1
113,0,1,22.0,0,0,8.05,1,0,0,0,0,0,0,0,1,0,0,0,1,0,0,0,1,0,0,1,6,1
114,0,0,20.0,1,0,9.825,1,0,0,0,0,0,0,0,1,0,0,1,0,0,0,0,1,0,0,1,4,1
115,0,0,17.0,0,0,14.4583,1,0,0,0,0,0,0,0,1,0,0,1,0,0,1,0,0,0,0,1,4,1
116,0,1,21.0,0,0,7.925,1,0,0,0,0,0,0,0,1,0,0,0,1,0,0,0,1,0,0,1,17,3
117,0,1,70.5,0,0,7.75,1,0,0,0,0,0,0,0,1,0,0,0,1,0,0,1,0,0,0,1,6,1
118,0,1,29.0,1,0,21.0,1,0,0,0,0,0,0,0,1,0,0,0,1,0,0,0,1,0,1,0,5,1
119,0,1,24.0,0,1,247.5208,2,0,1,0,0,0,0,0,0,0,0,0,1,0,1,0,0,1,0,0,8,2
120,0,0,2.0,4,2,31.275,1,0,0,0,0,0,0,0,1,0,0,1,0,0,0,0,1,0,0,1,6,1
121,0,1,21.0,2,0,73.5,1,0,0,0,0,0,0,0,1,0,0,0,1,0,0,0,1,0,1,0,12,2
122,0,1,33.5,0,0,8.05,1,0,0,0,0,0,0,0,1,0,0,0,1,0,0,0,1,0,0,1,9,2
123,0,1,32.5,1,0,30.0708,1,0,0,0,0,0,0,0,1,0,0,0,1,0,1,0,0,0,1,0,6,1
124,1,0,32.5,0,0,13.0,1,0,0,0,0,1,0,0,0,0,0,1,0,0,0,0,1,0,1,0,5,1
125,0,1,54.0,0,1,77.2875,1,0,0,0,1,0,0,0,0,0,0,0,1,0,0,0,1,1,0,0,5,1
126,1,1,12.0,1,0,11.2417,1,0,0,0,0,0,0,0,1,1,0,0,0,0,1,0,0,0,0,1,4,1
127,0,1,33.5,0,0,7.75,1,0,0,0,0,0,0,0,1,0,0,0,1,0,0,1,0,0,0,1,6,1
128,1,1,24.0,0,0,7.1417,1,0,0,0,0,0,0,0,1,0,0,0,1,0,0,0,1,0,0,1,7,2
129,1,0,21.5,1,1,22.3583,2,0,0,0,0,0,1,0,0,0,0,1,0,0,1,0,0,0,0,1,4,1
130,0,1,45.0,0,0,6.975,1,0,0,0,0,0,0,0,1,0,0,0,1,0,0,0,1,0,0,1,6,1
131,0,1,33.0,0,0,7.8958,1,0,0,0,0,0,0,0,1,0,0,0,1,0,1,0,0,0,0,1,6,1
132,0,1,20.0,0,0,7.05,1,0,0,0,0,0,0,0,1,0,0,0,1,0,0,0,1,0,0,1,18,2
133,0,0,47.0,1,0,14.5,1,0,0,0,0,0,0,0,1,0,0,0,1,0,0,0,1,0,0,1,9,2
134,1,0,29.0,1,0,26.0,1,0,0,0,0,0,0,0,1,0,0,0,1,0,0,0,1,0,1,0,6,1
135,0,1,25.0,0,0,13.0,1,0,0,0,0,0,0,0,1,0,0,0,1,0,0,0,1,0,1,0,10,2
136,0,1,23.0,0,0,15.0458,1,0,0,0,0,0,0,0,1,0,0,0,1,0,1,0,0,0,1,0,13,2
137,1,0,19.0,0,2,26.2833,1,0,0,0,1,0,0,0,0,0,0,1,0,0,0,0,1,1,0,0,5,1
138,0,1,37.0,1,0,53.1,1,0,0,1,0,0,0,0,0,0,0,0,1,0,0,0,1,1,0,0,6,1
139,0,1,16.0,0,0,9.2167,1,0,0,0,0,0,0,0,1,0,0,0,1,0,0,0,1,0,0,1,4,1
140,0,1,24.0,0,0,79.2,1,0,1,0,0,0,0,0,0,0,0,0,1,0,1,0,0,1,0,0,8,2
141,0,0,33.5,0,2,15.2458,1,0,0,0,0,0,0,0,1,0,0,0,1,0,1,0,0,0,0,1,4,1
142,1,0,22.0,0,0,7.75,1,0,0,0,0,0,0,0,1,0,0,1,0,0,0,0,1,0,0,1,6,1
143,1,0,24.0,1,0,15.85,1,0,0,0,0,0,0,0,1,0,0,0,1,0,0,0,1,0,0,1,16,2
144,0,1,19.0,0,0,6.75,1,0,0,0,0,0,0,0,1,0,0,0,1,0,0,1,0,0,0,1,6,1
145,0,1,18.0,0,0,11.5,1,0,0,0,0,0,0,0,1,0,0,0,1,0,0,0,1,0,1,0,6,1
146,0,1,19.0,1,1,36.75,1,0,0,0,0,0,0,0,1,0,0,0,1,0,0,0,1,0,1,0,10,2
147,1,1,27.0,0,0,7.7958,1,0,0,0,0,0,0,0,1,0,0,0,1,0,0,0,1,0,0,1,6,1
148,0,0,9.0,2,2,34.375,1,0,0,0,0,0,0,0,1,0,0,1,0,0,0,0,1,0,0,1,10,2
149,0,1,36.5,0,2,26.0,1,0,0,0,0,0,1,0,0,0,0,0,1,0,0,0,1,0,1,0,6,1
150,0,1,42.0,0,0,13.0,1,0,0,0,0,0,0,0,1,0,1,0,0,0,0,0,1,0,1,0,6,1
151,0,1,51.0,0,0,12.525,1,0,0,0,0,0,0,0,1,0,1,0,0,0,0,0,1,0,1,0,11,2
152,1,0,22.0,1,0,66.6,1,0,0,1,0,0,0,0,0,0,0,0,1,0,0,0,1,1,0,0,6,1
153,0,1,55.5,0,0,8.05,1,0,0,0,0,0,0,0,1,0,0,0,1,0,0,0,1,0,0,1,10,2
154,0,1,40.5,0,2,14.5,1,0,0,0,0,0,0,0,1,0,0,0,1,0,0,0,1,0,0,1,8,2
155,0,1,33.5,0,0,7.3125,1,0,0,0,0,0,0,0,1,0,0,0,1,0,0,0,1,0,0,1,9,2
156,0,1,51.0,0,1,61.3792,1,0,0,0,0,0,0,0,1,0,0,0,1,0,1,0,0,1,0,0,8,2
157,1,0,16.0,0,0,7.7333,1,0,0,0,0,0,0,0,1,0,0,1,0,0,0,1,0,0,0,1,5,1
158,0,1,30.0,0,0,8.05,1,0,0,0,0,0,0,0,1,0,0,0,1,0,0,0,1,0,0,1,15,2
159,0,1,33.5,0,0,8.6625,1,0,0,0,0,0,0,0,1,0,0,0,1,0,0,0,1,0,0,1,6,1
160,0,1,5.5,8,2,69.55,1,0,0,0,0,0,0,0,1,1,0,0,0,0,0,0,1,0,0,1,8,2
161,0,1,44.0,0,1,16.1,1,0,0,0,0,0,0,0,1,0,0,0,1,0,0,0,1,0,0,1,6,1
162,1,0,40.0,0,0,15.75,1,0,0,0,0,0,0,0,1,0,0,0,1,0,0,0,1,0,1,0,10,2
163,0,1,26.0,0,0,7.775,1,0,0,0,0,0,0,0,1,0,0,0,1,0,0,0,1,0,0,1,6,1
164,0,1,17.0,0,0,8.6625,1,0,0,0,0,0,0,0,1,0,0,0,1,0,0,0,1,0,0,1,6,1
165,0,1,1.0,4,1,39.6875,1,0,0,0,0,0,0,0,1,1,0,0,0,0,0,0,1,0,0,1,7,1
166,1,1,9.0,0,2,20.525,1,0,0,0,0,0,0,0,1,1,0,0,0,0,0,0,1,0,0,1,6,1
167,1,0,33.5,0,1,55.0,1,0,0,0,0,1,0,0,0,0,0,0,1,0,0,0,1,1,0,0,6,1
168,0,0,45.0,1,4,27.9,1,0,0,0,0,0,0,0,1,0,0,0,1,0,0,0,1,0,0,1,6,1
169,0,1,33.5,0,0,25.925,1,0,0,0,0,0,0,0,1,0,0,0,1,0,0,0,1,1,0,0,8,2
170,0,1,28.0,0,0,56.4958,1,0,0,0,0,0,0,0,1,0,0,0,1,0,0,0,1,0,0,1,4,1
171,0,1,61.0,0,0,33.5,1,0,1,0,0,0,0,0,0,0,0,0,1,0,0,0,1,1,0,0,6,1
172,0,1,4.0,4,1,29.125,1,0,0,0,0,0,0,0,1,1,0,0,0,0,0,1,0,0,0,1,6,1
173,1,0,1.0,1,1,11.1333,1,0,0,0,0,0,0,0,1,0,0,1,0,0,0,0,1,0,0,1,6,1
174,0,1,21.0,0,0,7.925,1,0,0,0,0,0,0,0,1,0,0,0,1,0,0,0,1,0,0,1,17,3
175,0,1,56.0,0,0,30.6958,1,1,0,0,0,0,0,0,0,0,0,0,1,0,1,0,0,1,0,0,5,1
176,0,1,18.0,1,1,7.8542,1,0,0,0,0,0,0,0,1,0,0,0,1,0,0,0,1,0,0,1,6,1
177,0,1,5.5,3,1,25.4667,1,0,0,0,0,0,0,0,1,1,0,0,0,0,0,0,1,0,0,1,4,1
178,0,0,50.0,0,0,28.7125,1,0,0,1,0,0,0,0,0,0,0,1,0,0,1,0,0,1,0,0,8,2
179,0,1,30.0,0,0,13.0,1,0,0,0,0,0,0,0,1,0,0,0,1,0,0,0,1,0,1,0,6,1
180,0,1,36.0,0,0,0.0,1,0,0,0,0,0,0,0,1,0,0,0,1,0,0,0,1,0,0,1,4,1
181,0,0,21.5,8,2,69.55,1,0,0,0,0,0,0,0,1,0,0,1,0,0,0,0,1,0,0,1,8,2
182,0,1,33.5,0,0,15.05,1,0,0,0,0,0,0,0,1,0,0,0,1,0,1,0,0,0,1,0,13,2
183,0,1,9.0,4,2,31.3875,1,0,0,0,0,0,0,0,1,1,0,0,0,0,0,0,1,0,0,1,6,1
184,1,1,1.0,2,1,39.0,1,0,0,0,0,0,1,0,0,1,0,0,0,0,0,0,1,0,1,0,6,1
185,1,0,4.0,0,2,22.025,1,0,0,0,0,0,0,0,1,0,0,1,0,0,0,0,1,0,0,1,6,1
186,0,1,33.5,0,0,50.0,1,1,0,0,0,0,0,0,0,0,0,0,1,0,0,0,1,1,0,0,6,1
187,1,0,33.5,1,0,15.5,1,0,0,0,0,0,0,0,1,0,0,0,1,0,0,1,0,0,0,1,6,1
188,1,1,45.0,0,0,26.55,1,0,0,0,0,0,0,0,1,0,0,0,1,0,0,0,1,1,0,0,6,1
189,0,1,40.0,1,1,15.5,1,0,0,0,0,0,0,0,1,0,0,0,1,0,0,1,0,0,0,1,6,1
190,0,1,36.0,0,0,7.8958,1,0,0,0,0,0,0,0,1,0,0,0,1,0,0,0,1,0,0,1,6,1
191,1,0,32.0,0,0,13.0,1,0,0,0,0,0,0,0,1,0,0,0,1,0,0,0,1,0,1,0,6,1
192,0,1,19.0,0,0,13.0,1,0,0,0,0,0,0,0,1,0,0,0,1,0,0,0,1,0,1,0,5,1
193,1,0,19.0,1,0,7.8542,1,0,0,0,0,0,0,0,1,0,0,1,0,0,0,0,1,0,0,1,6,1
194,1,1,3.0,1,1,26.0,1,0,0,0,0,0,1,0,0,1,0,0,0,0,0,0,1,0,1,0,6,1
195,1,0,44.0,0,0,27.7208,1,0,1,0,0,0,0,0,0,0,0,0,1,0,1,0,0,1,0,0,8,2
196,1,0,58.0,0,0,146.5208,1,0,1,0,0,0,0,0,0,0,0,1,0,0,1,0,0,1,0,0,8,2
197,0,1,33.5,0,0,7.75,1,0,0,0,0,0,0,0,1,0,0,0,1,0,0,1,0,0,0,1,6,1
198,0,1,42.0,0,1,8.4042,1,0,0,0,0,0,0,0,1,0,0,0,1,0,0,0,1,0,0,1,4,1
199,1,0,21.5,0,0,7.75,1,0,0,0,0,0,0,0,1,0,0,1,0,0,0,1,0,0,0,1,6,1
200,0,0,24.0,0,0,13.0,1,0,0,0,0,0,0,0,1,0,0,1,0,0,0,0,1,0,1,0,6,1
201,0,1,28.0,0,0,9.5,1,0,0,0,0,0,0,0,1,0,0,0,1,0,0,0,1,0,0,1,6,1
202,0,1,33.5,8,2,69.55,1,0,0,0,0,0,0,0,1,0,0,0,1,0,0,0,1,0,0,1,8,2
203,0,1,34.0,0,0,6.4958,1,0,0,0,0,0,0,0,1,0,0,0,1,0,0,0,1,0,0,1,7,1
204,0,1,45.5,0,0,7.225,1,0,0,0,0,0,0,0,1,0,0,0,1,0,1,0,0,0,0,1,4,1
205,1,1,18.0,0,0,8.05,1,0,0,0,0,0,0,0,1,0,0,0,1,0,0,0,1,0,0,1,8,2
206,0,0,2.0,0,1,10.4625,1,0,0,0,0,0,0,1,0,0,0,1,0,0,0,0,1,0,0,1,6,1
207,0,1,32.0,1,0,15.85,1,0,0,0,0,0,0,0,1,0,0,0,1,0,0,0,1,0,0,1,7,1
208,1,1,26.0,0,0,18.7875,1,0,0,0,0,0,0,0,1,0,0,0,1,0,1,0,0,0,0,1,4,1
209,1,0,16.0,0,0,7.75,1,0,0,0,0,0,0,0,1,0,0,1,0,0,0,1,0,0,0,1,6,1
210,1,1,40.0,0,0,31.0,1,1,0,0,0,0,0,0,0,0,0,0,1,0,1,0,0,1,0,0,6,1
211,0,1,24.0,0,0,7.05,1,0,0,0,0,0,0,0,1,0,0,0,1,0,0,0,1,0,0,1,18,2
212,1,0,35.0,0,0,21.0,1,0,0,0,0,0,0,0,1,0,0,1,0,0,0,0,1,0,1,0,12,2
213,0,1,22.0,0,0,7.25,1,0,0,0,0,0,0,0,1,0,0,0,1,0,0,0,1,0,0,1,9,2
214,0,1,30.0,0,0,13.0,1,0,0,0,0,0,0,0,1,0,0,0,1,0,0,0,1,0,1,0,6,1
215,0,1,33.5,1,0,7.75,1,0,0,0,0,0,0,0,1,0,0,0,1,0,0,1,0,0,0,1,6,1
216,1,0,31.0,1,0,113.275,1,0,0,0,1,0,0,0,0,0,0,1,0,0,1,0,0,1,0,0,5,1
217,1,0,27.0,0,0,7.925,1,0,0,0,0,0,0,0,1,0,0,1,0,0,0,0,1,0,0,1,16,2
218,0,1,42.0,1,0,27.0,1,0,0,0,0,0,0,0,1,0,0,0,1,0,0,0,1,0,1,0,6,1
219,1,0,32.0,0,0,76.2917,1,0,0,0,1,0,0,0,0,0,0,1,0,0,1,0,0,1,0,0,5,1
220,0,1,30.0,0,0,10.5,1,0,0,0,0,0,0,0,1,0,0,0,1,0,0,0,1,0,1,0,9,2
221,1,1,16.0,0,0,8.05,1,0,0,0,0,0,0,0,1,0,0,0,1,0,0,0,1,0,0,1,15,2
222,0,1,27.0,0,0,13.0,1,0,0,0,0,0,0,0,1,0,0,0,1,0,0,0,1,0,1,0,6,1
223,0,1,51.0,0,0,8.05,1,0,0,0,0,0,0,0,1,0,0,0,1,0,0,0,1,0,0,1,5,1
224,0,1,33.5,0,0,7.8958,1,0,0,0,0,0,0,0,1,0,0,0,1,0,0,0,1,0,0,1,6,1
225,1,1,38.0,1,0,90.0,1,0,0,1,0,0,0,0,0,0,0,0,1,0,0,0,1,1,0,0,5,1
226,0,1,22.0,0,0,9.35,1,0,0,0,0,0,0,0,1,0,0,0,1,0,0,0,1,0,0,1,7,2
227,1,1,19.0,0,0,10.5,1,0,0,0,0,0,0,0,1,0,0,0,1,0,0,0,1,0,1,0,9,2
228,0,1,20.5,0,0,7.25,1,0,0,0,0,0,0,0,1,0,0,0,1,0,0,0,1,0,0,1,9,2
229,0,1,18.0,0,0,13.0,1,0,0,0,0,0,0,0,1,0,0,0,1,0,0,0,1,0,1,0,6,1
230,0,0,21.5,3,1,25.4667,1,0,0,0,0,0,0,0,1,0,0,1,0,0,0,0,1,0,0,1,4,1
231,1,0,35.0,1,0,83.475,1,0,0,1,0,0,0,0,0,0,0,0,1,0,0,0,1,1,0,0,5,1
232,0,1,29.0,0,0,7.775,1,0,0,0,0,0,0,0,1,0,0,0,1,0,0,0,1,0,0,1,6,1
233,0,1,59.0,0,0,13.5,1,0,0,0,0,0,0,0,1,0,0,0,1,0,0,0,1,0,1,0,6,1
234,1,0,5.0,4,2,31.3875,1,0,0,0,0,0,0,0,1,0,0,1,0,0,0,0,1,0,0,1,6,1
235,0,1,24.0,0,0,10.5,1,0,0,0,0,0,0,0,1,0,0,0,1,0,0,0,1,0,1,0,10,2
236,0,0,21.5,0,0,7.55,1,0,0,0,0,0,0,0,1,0,0,1,0,0,0,0,1,0,0,1,10,2
237,0,1,44.0,1,0,26.0,1,0,0,0,0,0,0,0,1,0,0,0,1,0,0,0,1,0,1,0,5,1
238,1,0,8.0,0,2,26.25,1,0,0,0,0,0,0,0,1,0,0,1,0,0,0,0,1,0,1,0,10,2
239,0,1,19.0,0,0,10.5,1,0,0,0,0,0,0,0,1,0,0,0,1,0,0,0,1,0,1,0,5,1
240,0,1,33.0,0,0,12.275,1,0,0,0,0,0,0,0,1,0,0,0,1,0,0,0,1,0,1,0,10,2
241,0,0,21.5,1,0,14.4542,1,0,0,0,0,0,0,0,1,0,0,1,0,0,1,0,0,0,0,1,4,1
242,1,0,21.5,1,0,15.5,1,0,0,0,0,0,0,0,1,0,0,1,0,0,0,1,0,0,0,1,6,1
243,0,1,29.0,0,0,10.5,1,0,0,0,0,0,0,0,1,0,0,0,1,0,0,0,1,0,1,0,11,2
244,0,1,22.0,0,0,7.125,1,0,0,0,0,0,0,0,1,0,0,0,1,0,0,0,1,0,0,1,17,3
245,0,1,30.0,0,0,7.225,1,0,0,0,0,0,0,0,1,0,0,0,1,0,1,0,0,0,0,1,4,1
246,0,1,44.0,2,0,90.0,1,0,0,1,0,0,0,0,0,0,1,0,0,0,0,1,0,1,0,0,5,1
247,0,0,25.0,0,0,7.775,1,0,0,0,0,0,0,0,1,0,0,1,0,0,0,0,1,0,0,1,6,1
248,1,0,24.0,0,2,14.5,1,0,0,0,0,0,0,0,1,0,0,0,1,0,0,0,1,0,1,0,6,1
249,1,1,37.0,1,1,52.5542,1,0,0,0,1,0,0,0,0,0,0,0,1,0,0,0,1,1,0,0,5,1
250,0,1,54.0,1,0,26.0,1,0,0,0,0,0,0,0,1,0,1,0,0,0,0,0,1,0,1,0,6,1
251,0,1,33.5,0,0,7.25,1,0,0,0,0,0,0,0,1,0,0,0,1,0,0,0,1,0,0,1,6,1
252,0,0,29.0,1,1,10.4625,1,0,0,0,0,0,0,1,0,0,0,0,1,0,0,0,1,0,0,1,6,1
253,0,1,62.0,0,0,26.55,1,0,0,1,0,0,0,0,0,0,0,0,1,0,0,0,1,1,0,0,6,1
254,0,1,30.0,1,0,16.1,1,0,0,0,0,0,0,0,1,0,0,0,1,0,0,0,1,0,0,1,9,2
255,0,0,41.0,0,2,20.2125,1,0,0,0,0,0,0,0,1,0,0,0,1,0,0,0,1,0,0,1,6,1
256,1,0,29.0,0,2,15.2458,1,0,0,0,0,0,0,0,1,0,0,0,1,0,1,0,0,0,0,1,4,1
257,1,0,33.5,0,0,79.2,1,0,0,0,0,0,0,0,1,0,0,0,1,0,1,0,0,1,0,0,8,2
258,1,0,30.0,0,0,86.5,1,0,1,0,0,0,0,0,0,0,0,1,0,0,0,0,1,1,0,0,6,1
259,1,0,35.0,0,0,512.3292,1,0,0,0,0,0,0,0,1,0,0,1,0,0,1,0,0,1,0,0,8,2
260,1,0,50.0,0,1,26.0,1,0,0,0,0,0,0,0,1,0,0,0,1,0,0,0,1,0,1,0,6,1
261,0,1,33.5,0,0,7.75,1,0,0,0,0,0,0,0,1,0,0,0,1,0,0,1,0,0,0,1,6,1
262,1,1,3.0,4,2,31.3875,1,0,0,0,0,0,0,0,1,1,0,0,0,0,0,0,1,0,0,1,6,1
263,0,1,52.0,1,1,79.65,1,0,0,0,0,1,0,0,0,0,0,0,1,0,0,0,1,1,0,0,6,1
264,0,1,40.0,0,0,0.0,1,0,1,0,0,0,0,0,0,0,0,0,1,0,0,0,1,1,0,0,6,1
265,0,0,21.5,0,0,7.75,1,0,0,0,0,0,0,0,1,0,0,1,0,0,0,1,0,0,0,1,6,1
266,0,1,36.0,0,0,10.5,1,0,0,0,0,0,0,0,1,0,0,0,1,0,0,0,1,0,1,0,10,2
267,0,1,16.0,4,1,39.6875,1,0,0,0,0,0,0,0,1,0,0,0,1,0,0,0,1,0,0,1,7,1
268,1,1,25.0,1,0,7.775,1,0,0,0,0,0,0,0,1,0,0,0,1,0,0,0,1,0,0,1,6,1
269,1,0,58.0,0,1,153.4625,1,0,0,1,0,0,0,0,0,0,0,0,1,0,0,0,1,1,0,0,8,2
270,1,0,35.0,0,0,135.6333,1,0,0,1,0,0,0,0,0,0,0,1,0,0,0,0,1,1,0,0,8,2
271,0,1,33.5,0,0,31.0,1,0,0,0,0,0,0,0,1,0,0,0,1,0,0,0,1,1,0,0,6,1
272,1,1,25.0,0,0,0.0,1,0,0,0,0,0,0,0,1,0,0,0,1,0,0,0,1,0,0,1,4,1
273,1,0,41.0,0,1,19.5,1,0,0,0,0,0,0,0,1,0,0,0,1,0,0,0,1,0,1,0,6,1
274,0,1,37.0,0,1,29.7,1,0,0,1,0,0,0,0,0,0,0,0,1,0,1,0,0,1,0,0,8,2
275,1,0,21.5,0,0,7.75,1,0,0,0,0,0,0,0,1,0,0,1,0,0,0,1,0,0,0,1,6,1
276,1,0,63.0,1,0,77.9583,1,0,0,0,1,0,0,0,0,0,0,1,0,0,0,0,1,1,0,0,5,1
277,0,0,45.0,0,0,7.75,1,0,0,0,0,0,0,0,1,0,0,1,0,0,0,0,1,0,0,1,6,1
278,0,1,33.5,0,0,0.0,1,0,0,0,0,0,0,0,1,0,0,0,1,0,0,0,1,0,1,0,6,1
279,0,1,7.0,4,1,29.125,1,0,0,0,0,0,0,0,1,1,0,0,0,0,0,1,0,0,0,1,6,1
280,1,0,35.0,1,1,20.25,1,0,0,0,0,0,0,0,1,0,0,0,1,0,0,0,1,0,0,1,9,2
281,0,1,65.0,0,0,7.75,1,0,0,0,0,0,0,0,1,0,0,0,1,0,0,1,0,0,0,1,6,1
282,0,1,28.0,0,0,7.8542,1,0,0,0,0,0,0,0,1,0,0,0,1,0,0,0,1,0,0,1,6,1
283,0,1,16.0,0,0,9.5,1,0,0,0,0,0,0,0,1,0,0,0,1,0,0,0,1,0,0,1,6,1
284,1,1,19.0,0,0,8.05,1,0,0,0,0,0,0,0,1,0,0,0,1,0,0,0,1,0,0,1,10,2
285,0,1,33.5,0,0,26.0,1,1,0,0,0,0,0,0,0,0,0,0,1,0,0,0,1,1,0,0,6,1
286,0,1,33.0,0,0,8.6625,1,0,0,0,0,0,0,0,1,0,0,0,1,0,1,0,0,0,0,1,6,1
287,1,1,30.0,0,0,9.5,1,0,0,0,0,0,0,0,1,0,0,0,1,0,0,0,1,0,0,1,6,1
288,0,1,22.0,0,0,7.8958,1,0,0,0,0,0,0,0,1,0,0,0,1,0,0,0,1,0,0,1,6,1
289,1,1,42.0,0,0,13.0,1,0,0,0,0,0,0,0,1,0,0,0,1,0,0,0,1,0,1,0,6,1
290,1,0,22.0,0,0,7.75,1,0,0,0,0,0,0,0,1,0,0,1,0,0,0,1,0,0,0,1,6,1
291,1,0,26.0,0,0,78.85,1,0,0,0,0,0,0,0,1,0,0,1,0,0,0,0,1,1,0,0,5,1
292,1,0,19.0,1,0,91.0792,1,0,1,0,0,0,0,0,0,0,0,0,1,0,1,0,0,1,0,0,5,1
293,0,1,36.0,0,0,12.875,1,0,0,0,1,0,0,0,0,0,0,0,1,0,1,0,0,0,1,0,13,2
294,0,0,24.0,0,0,8.85,1,0,0,0,0,0,0,0,1,0,0,1,0,0,0,0,1,0,0,1,6,1
295,0,1,24.0,0,0,7.8958,1,0,0,0,0,0,0,0,1,0,0,0,1,0,0,0,1,0,0,1,6,1
296,0,1,33.5,0,0,27.7208,1,0,0,0,0,0,0,0,1,0,0,0,1,0,1,0,0,1,0,0,8,2
297,0,1,23.5,0,0,7.2292,1,0,0,0,0,0,0,0,1,0,0,0,1,0,1,0,0,0,0,1,4,1
298,0,0,2.0,1,2,151.55,2,0,0,1,0,0,0,0,0,0,0,1,0,0,0,0,1,1,0,0,6,1
299,1,1,33.5,0,0,30.5,1,0,0,1,0,0,0,0,0,0,0,0,1,0,0,0,1,1,0,0,5,1
300,1,0,50.0,0,1,247.5208,2,0,1,0,0,0,0,0,0,0,0,0,1,0,1,0,0,1,0,0,8,2
301,1,0,21.5,0,0,7.75,1,0,0,0,0,0,0,0,1,0,0,1,0,0,0,1,0,0,0,1,4,1
302,1,1,33.5,2,0,23.25,1,0,0,0,0,0,0,0,1,0,0,0,1,0,0,1,0,0,0,1,6,1
303,0,1,19.0,0,0,0.0,1,0,0,0,0,0,0,0,1,0,0,0,1,0,0,0,1,0,0,1,4,1
304,1,0,21.5,0,0,12.35,1,0,0,0,0,1,0,0,0,0,0,1,0,0,0,1,0,0,1,0,6,1
305,0,1,33.5,0,0,8.05,1,0,0,0,0,0,0,0,1,0,0,0,1,0,0,0,1,0,0,1,8,2
306,1,1,0.92,1,2,151.55,2,0,0,1,0,0,0,0,0,1,0,0,0,0,0,0,1,1,0,0,6,1
307,1,0,21.5,0,0,110.8833,1,0,0,0,0,0,0,0,1,0,0,1,0,0,1,0,0,1,0,0,5,1
308,1,0,17.0,1,0,108.9,1,0,0,1,0,0,0,0,0,0,0,0,1,0,1,0,0,1,0,0,8,2
309,0,1,30.0,1,0,24.0,1,0,0,0,0,0,0,0,1,0,0,0,1,0,1,0,0,0,1,0,9,2
310,1,0,30.0,0,0,56.9292,1,0,0,0,0,1,0,0,0,0,0,1,0,0,1,0,0,1,0,0,8,2
311,1,0,24.0,0,0,83.1583,1,0,0,1,0,0,0,0,0,0,0,1,0,0,1,0,0,1,0,0,5,1
312,1,0,18.0,2,2,262.375,4,0,1,0,0,0,0,0,0,0,0,1,0,0,1,0,0,1,0,0,8,2
313,0,0,26.0,1,1,26.0,1,0,0,0,0,0,0,0,1,0,0,0,1,0,0,0,1,0,1,0,6,1
314,0,1,28.0,0,0,7.8958,1,0,0,0,0,0,0,0,1,0,0,0,1,0,0,0,1,0,0,1,6,1
315,0,1,43.0,1,1,26.25,1,0,0,0,0,0,0,0,1,0,0,0,1,0,0,0,1,0,1,0,12,2
316,1,0,26.0,0,0,7.8542,1,0,0,0,0,0,0,0,1,0,0,1,0,0,0,0,1,0,0,1,6,1
317,1,0,24.0,1,0,26.0,1,0,0,0,0,0,0,0,1,0,0,0,1,0,0,0,1,0,1,0,6,1
318,0,1,54.0,0,0,14.0,1,0,0,0,0,0,0,0,1,0,1,0,0,0,0,0,1,0,1,0,5,1
319,1,0,31.0,0,2,164.8667,1,0,0,1,0,0,0,0,0,0,0,1,0,0,0,0,1,1,0,0,5,1
320,1,0,40.0,1,1,134.5,1,0,0,0,0,1,0,0,0,0,0,0,1,0,1,0,0,1,0,0,5,1
321,0,1,22.0,0,0,7.25,1,0,0,0,0,0,0,0,1,0,0,0,1,0,0,0,1,0,0,1,9,2
322,0,1,27.0,0,0,7.8958,1,0,0,0,0,0,0,0,1,0,0,0,1,0,0,0,1,0,0,1,6,1
323,1,0,30.0,0,0,12.35,1,0,0,0,0,0,0,0,1,0,0,1,0,0,0,1,0,0,1,0,6,1
324,1,0,22.0,1,1,29.0,1,0,0,0,0,0,0,0,1,0,0,0,1,0,0,0,1,0,1,0,6,1
325,0,1,33.5,8,2,69.55,1,0,0,0,0,0,0,0,1,0,0,0,1,0,0,0,1,0,0,1,8,2
326,1,0,36.0,0,0,135.6333,1,0,0,1,0,0,0,0,0,0,0,1,0,0,1,0,0,1,0,0,8,2
327,0,1,61.0,0,0,6.2375,1,0,0,0,0,0,0,0,1,0,0,0,1,0,0,0,1,0,0,1,6,1
328,1,0,36.0,0,0,13.0,1,0,0,0,1,0,0,0,0,0,0,0,1,0,0,0,1,0,1,0,5,1
329,1,0,31.0,1,1,20.525,1,0,0,0,0,0,0,0,1,0,0,0,1,0,0,0,1,0,0,1,6,1
330,1,0,16.0,0,1,57.9792,1,0,1,0,0,0,0,0,0,0,0,1,0,0,1,0,0,1,0,0,6,1
331,1,0,21.5,2,0,23.25,1,0,0,0,0,0,0,0,1,0,0,1,0,0,0,1,0,0,0,1,6,1
332,0,1,45.5,0,0,28.5,1,0,0,1,0,0,0,0,0,0,0,0,1,0,0,0,1,1,0,0,6,1
333,0,1,38.0,0,1,153.4625,1,0,0,1,0,0,0,0,0,0,0,0,1,0,0,0,1,1,0,0,8,2
334,0,1,16.0,2,0,18.0,1,0,0,0,0,0,0,0,1,0,0,0,1,0,0,0,1,0,0,1,6,1
335,1,0,33.5,1,0,133.65,1,0,0,0,0,0,0,0,1,0,0,0,1,0,0,0,1,1,0,0,8,2
336,0,1,33.5,0,0,7.8958,1,0,0,0,0,0,0,0,1,0,0,0,1,0,0,0,1,0,0,1,6,1
337,0,1,29.0,1,0,66.6,1,0,0,1,0,0,0,0,0,0,0,0,1,0,0,0,1,1,0,0,6,1
338,1,0,41.0,0,0,134.5,1,0,0,0,0,1,0,0,0,0,0,1,0,0,1,0,0,1,0,0,5,1
339,1,1,45.0,0,0,8.05,1,0,0,0,0,0,0,0,1,0,0,0,1,0,0,0,1,0,0,1,4,1
340,0,1,45.0,0,0,35.5,1,0,0,0,0,0,0,0,0,0,0,0,1,0,0,0,1,1,0,0,6,1
341,1,1,2.0,1,1,26.0,1,0,0,0,0,0,1,0,0,1,0,0,0,0,0,0,1,0,1,0,6,1
342,1,0,24.0,3,2,263.0,3,0,0,1,0,0,0,0,0,0,0,1,0,0,0,0,1,1,0,0,5,1
343,0,1,28.0,0,0,13.0,1,0,0,0,0,0,0,0,1,0,0,0,1,0,0,0,1,0,1,0,6,1
344,0,1,25.0,0,0,13.0,1,0,0,0,0,0,0,0,1,0,0,0,1,0,0,0,1,0,1,0,6,1
345,0,1,36.0,0,0,13.0,1,0,0,0,0,0,0,0,1,0,0,0,1,0,0,0,1,0,1,0,6,1
346,1,0,24.0,0,0,13.0,1,0,0,0,0,0,1,0,0,0,0,1,0,0,0,0,1,0,1,0,6,1
347,1,0,40.0,0,0,13.0,1,0,0,0,0,0,0,0,1,0,0,1,0,0,0,0,1,0,1,0,5,1
348,1,0,33.5,1,0,16.1,1,0,0,0,0,0,0,0,1,0,0,0,1,0,0,0,1,0,0,1,6,1
349,1,1,3.0,1,1,15.9,1,0,0,0,0,0,0,0,1,1,0,0,0,0,0,0,1,0,0,1,10,2
350,0,1,42.0,0,0,8.6625,1,0,0,0,0,0,0,0,1,0,0,0,1,0,0,0,1,0,0,1,6,1
351,0,1,23.0,0,0,9.225,1,0,0,0,0,0,0,0,1,0,0,0,1,0,0,0,1,0,0,1,4,1
352,0,1,33.5,0,0,35.0,1,0,0,1,0,0,0,0,0,0,0,0,1,0,0,0,1,1,0,0,6,1
353,0,1,15.0,1,1,7.2292,1,0,0,0,0,0,0,0,1,0,0,0,1,0,1,0,0,0,0,1,4,1
354,0,1,25.0,1,0,17.8,1,0,0,0,0,0,0,0,1,0,0,0,1,0,0,0,1,0,0,1,6,1
355,0,1,33.5,0,0,7.225,1,0,0,0,0,0,0,0,1,0,0,0,1,0,1,0,0,0,0,1,4,1
356,0,1,28.0,0,0,9.5,1,0,0,0,0,0,0,0,1,0,0,0,1,0,0,0,1,0,0,1,6,1
357,1,0,22.0,0,1,55.0,1,0,0,0,0,1,0,0,0,0,0,1,0,0,0,0,1,1,0,0,6,1
358,0,0,38.0,0,0,13.0,1,0,0,0,0,0,0,0,1,0,0,1,0,0,0,0,1,0,1,0,6,1
359,1,0,21.5,0,0,7.8792,1,0,0,0,0,0,0,0,1,0,0,1,0,0,0,1,0,0,0,1,6,1
360,1,0,21.5,0,0,7.8792,1,0,0,0,0,0,0,0,1,0,0,1,0,0,0,1,0,0,0,1,6,1
361,0,1,40.0,1,4,27.9,1,0,0,0,0,0,0,0,1,0,0,0,1,0,0,0,1,0,0,1,6,1
362,0,1,29.0,1,0,27.7208,1,0,0,0,0,0,0,0,1,0,0,0,1,0,1,0,0,0,1,0,13,2
363,0,0,45.0,0,1,14.4542,1,0,0,0,0,0,0,0,1,0,0,0,1,0,1,0,0,0,0,1,4,1
364,0,1,35.0,0,0,7.05,1,0,0,0,0,0,0,0,1,0,0,0,1,0,0,0,1,0,0,1,18,2
365,0,1,33.5,1,0,15.5,1,0,0,0,0,0,0,0,1,0,0,0,1,0,0,1,0,0,0,1,6,1
366,0,1,30.0,0,0,7.25,1,0,0,0,0,0,0,0,1,0,0,0,1,0,0,0,1,0,0,1,6,2
367,1,0,60.0,1,0,75.25,1,0,0,0,1,0,0,0,0,0,0,0,1,0,1,0,0,1,0,0,6,1
368,1,0,33.5,0,0,7.2292,1,0,0,0,0,0,0,0,1,0,0,0,1,0,1,0,0,0,0,1,4,1
369,1,0,21.5,0,0,7.75,1,0,0,0,0,0,0,0,1,0,0,1,0,0,0,1,0,0,0,1,5,1
370,1,0,24.0,0,0,69.3,1,0,1,0,0,0,0,0,0,0,0,0,1,0,1,0,0,1,0,0,8,2
371,1,1,25.0,1,0,55.4417,1,0,0,0,0,1,0,0,0,0,0,0,1,0,1,0,0,1,0,0,5,1
372,0,1,18.0,1,0,6.4958,1,0,0,0,0,0,0,0,1,0,0,0,1,0,0,0,1,0,0,1,7,1
373,0,1,19.0,0,0,8.05,1,0,0,0,0,0,0,0,1,0,0,0,1,0,0,0,1,0,0,1,6,1
374,0,1,22.0,0,0,135.6333,1,0,0,0,0,0,0,0,1,0,0,0,1,0,1,0,0,1,0,0,8,2
375,0,0,3.0,3,1,21.075,1,0,0,0,0,0,0,0,1,0,0,1,0,0,0,0,1,0,0,1,6,1
376,1,0,33.5,1,0,82.1708,1,0,0,0,0,0,0,0,1,0,0,0,1,0,1,0,0,1,0,0,8,2
377,1,0,22.0,0,0,7.25,1,0,0,0,0,0,0,0,1,0,0,1,0,0,0,0,1,0,0,1,6,2
378,0,1,27.0,0,2,211.5,1,0,0,1,0,0,0,0,0,0,0,0,1,0,1,0,0,1,0,0,6,1
379,0,1,20.0,0,0,4.0125,1,0,0,0,0,0,0,0,1,0,0,0,1,0,1,0,0,0,0,1,4,1
380,0,1,19.0,0,0,7.775,1,0,0,0,0,0,0,0,1,0,0,0,1,0,0,0,1,0,0,1,6,1
381,1,0,42.0,0,0,227.525,1,0,0,0,0,0,0,0,1,0,0,1,0,0,1,0,0,1,0,0,8,2
382,1,0,1.0,0,2,15.7417,1,0,0,0,0,0,0,0,1,0,0,1,0,0,1,0,0,0,0,1,4,1
383,0,1,32.0,0,0,7.925,1,0,0,0,0,0,0,0,1,0,0,0,1,0,0,0,1,0,0,1,17,3
384,1,0,35.0,1,0,52.0,1,0,0,0,0,0,0,0,1,0,0,0,1,0,0,0,1,1,0,0,6,1
385,0,1,33.5,0,0,7.8958,1,0,0,0,0,0,0,0,1,0,0,0,1,0,0,0,1,0,0,1,6,1
386,0,1,18.0,0,0,73.5,1,0,0,0,0,0,0,0,1,0,0,0,1,0,0,0,1,0,1,0,12,2
387,0,1,1.0,5,2,46.9,1,0,0,0,0,0,0,0,1,1,0,0,0,0,0,0,1,0,0,1,7,2
388,1,0,36.0,0,0,13.0,1,0,0,0,0,0,0,0,1,0,0,1,0,0,0,0,1,0,1,0,5,1
389,0,1,33.5,0,0,7.7292,1,0,0,0,0,0,0,0,1,0,0,0,1,0,0,1,0,0,0,1,6,1
390,1,0,17.0,0,0,12.0,1,0,0,0,0,0,0,0,1,0,0,1,0,0,1,0,0,0,1,0,7,2
391,1,1,36.0,1,2,120.0,2,0,1,0,0,0,0,0,0,0,0,0,1,0,0,0,1,1,0,0,6,1
392,1,1,21.0,0,0,7.7958,1,0,0,0,0,0,0,0,1,0,0,0,1,0,0,0,1,0,0,1,6,1
393,0,1,28.0,2,0,7.925,1,0,0,0,0,0,0,0,1,0,0,0,1,0,0,0,1,0,0,1,7,1
394,1,0,23.0,1,0,113.275,1,0,0,0,1,0,0,0,0,0,0,1,0,0,1,0,0,1,0,0,5,1
395,1,0,24.0,0,2,16.7,1,0,0,0,0,0,0,1,0,0,0,0,1,0,0,0,1,0,0,1,7,2
396,0,1,22.0,0,0,7.7958,1,0,0,0,0,0,0,0,1,0,0,0,1,0,0,0,1,0,0,1,6,1
397,0,0,31.0,0,0,7.8542,1,0,0,0,0,0,0,0,1,0,0,1,0,0,0,0,1,0,0,1,6,1
398,0,1,46.0,0,0,26.0,1,0,0,0,0,0,0,0,1,0,0,0,1,0,0,0,1,0,1,0,5,1
399,0,1,23.0,0,0,10.5,1,0,0,0,0,0,0,0,1,0,1,0,0,0,0,0,1,0,1,0,6,1
400,1,0,28.0,0,0,12.65,1,0,0,0,0,0,0,0,1,0,0,0,1,0,0,0,1,0,1,0,6,1
401,1,1,39.0,0,0,7.925,1,0,0,0,0,0,0,0,1,0,0,0,1,0,0,0,1,0,0,1,17,3
402,0,1,26.0,0,0,8.05,1,0,0,0,0,0,0,0,1,0,0,0,1,0,0,0,1,0,0,1,6,1
403,0,0,21.0,1,0,9.825,1,0,0,0,0,0,0,0,1,0,0,1,0,0,0,0,1,0,0,1,4,1
404,0,1,28.0,1,0,15.85,1,0,0,0,0,0,0,0,1,0,0,0,1,0,0,0,1,0,0,1,16,2
405,0,0,20.0,0,0,8.6625,1,0,0,0,0,0,0,0,1,0,0,1,0,0,0,0,1,0,0,1,6,1
406,0,1,34.0,1,0,21.0,1,0,0,0,0,0,0,0,1,0,0,0,1,0,0,0,1,0,1,0,5,1
407,0,1,51.0,0,0,7.75,1,0,0,0,0,0,0,0,1,0,0,0,1,0,0,0,1,0,0,1,6,1
408,1,1,3.0,1,1,18.75,1,0,0,0,0,0,0,0,1,1,0,0,0,0,0,0,1,0,1,0,5,1
409,0,1,21.0,0,0,7.775,1,0,0,0,0,0,0,0,1,0,0,0,1,0,0,0,1,0,0,1,6,1
410,0,0,21.5,3,1,25.4667,1,0,0,0,0,0,0,0,1,0,0,1,0,0,0,0,1,0,0,1,4,1
411,0,1,33.5,0,0,7.8958,1,0,0,0,0,0,0,0,1,0,0,0,1,0,0,0,1,0,0,1,6,1
412,0,1,33.5,0,0,6.8583,1,0,0,0,0,0,0,0,1,0,0,0,1,0,0,1,0,0,0,1,6,1
413,1,0,33.0,1,0,90.0,1,0,0,1,0,0,0,0,0,0,0,1,0,0,0,1,0,1,0,0,5,1
414,0,1,33.5,0,0,0.0,1,0,0,0,0,0,0,0,1,0,0,0,1,0,0,0,1,0,1,0,6,1
415,1,1,44.0,0,0,7.925,1,0,0,0,0,0,0,0,1,0,0,0,1,0,0,0,1,0,0,1,17,3
416,0,0,33.5,0,0,8.05,1,0,0,0,0,0,0,0,1,0,0,0,1,0,0,0,1,0,0,1,6,1
417,1,0,34.0,1,1,32.5,1,0,0,0,0,0,0,0,1,0,0,0,1,0,0,0,1,0,1,0,5,1
418,1,0,18.0,0,2,13.0,1,0,0,0,0,0,0,0,1,0,0,1,0,0,0,0,1,0,1,0,6,1
419,0,1,30.0,0,0,13.0,1,0,0,0,0,0,0,0,1,0,0,0,1,0,0,0,1,0,1,0,5,1
420,0,0,10.0,0,2,24.15,1,0,0,0,0,0,0,0,1,0,0,1,0,0,0,0,1,0,0,1,6,1
421,0,1,33.5,0,0,7.8958,1,0,0,0,0,0,0,0,1,0,0,0,1,0,1,0,0,0,0,1,6,1
422,0,1,21.0,0,0,7.7333,1,0,0,0,0,0,0,0,1,0,0,0,1,0,0,1,0,0,0,1,10,2
423,0,1,29.0,0,0,7.875,1,0,0,0,0,0,0,0,1,0,0,0,1,0,0,0,1,0,0,1,6,1
424,0,0,28.0,1,1,14.4,1,0,0,0,0,0,0,0,1,0,0,0,1,0,0,0,1,0,0,1,6,1
425,0,1,18.0,1,1,20.2125,1,0,0,0,0,0,0,0,1,0,0,0,1,0,0,0,1,0,0,1,6,1
426,0,1,33.5,0,0,7.25,1,0,0,0,0,0,0,0,1,0,0,0,1,0,0,0,1,0,0,1,10,2
427,1,0,28.0,1,0,26.0,1,0,0,0,0,0,0,0,1,0,0,0,1,0,0,0,1,0,1,0,4,1
428,1,0,19.0,0,0,26.0,1,0,0,0,0,0,0,0,1,0,0,1,0,0,0,0,1,0,1,0,6,1
429,0,1,33.5,0,0,7.75,1,0,0,0,0,0,0,0,1,0,0,0,1,0,0,1,0,0,0,1,6,1
430,1,1,32.0,0,0,8.05,1,0,0,0,0,1,0,0,0,0,0,0,1,0,0,0,1,0,0,1,17,2
431,1,1,28.0,0,0,26.55,1,0,0,1,0,0,0,0,0,0,0,0,1,0,0,0,1,1,0,0,6,1
432,1,0,33.5,1,0,16.1,1,0,0,0,0,0,0,0,1,0,0,0,1,0,0,0,1,0,0,1,6,1
433,1,0,42.0,1,0,26.0,1,0,0,0,0,0,0,0,1,0,0,0,1,0,0,0,1,0,1,0,10,2
434,0,1,17.0,0,0,7.125,1,0,0,0,0,0,0,0,1,0,0,0,1,0,0,0,1,0,0,1,17,3
435,0,1,50.0,1,0,55.9,1,0,0,0,0,1,0,0,0,0,0,0,1,0,0,0,1,1,0,0,5,1
436,1,0,14.0,1,2,120.0,2,0,1,0,0,0,0,0,0,0,0,1,0,0,0,0,1,1,0,0,6,1
437,0,0,21.0,2,2,34.375,1,0,0,0,0,0,0,0,1,0,0,1,0,0,0,0,1,0,0,1,10,2
438,1,0,24.0,2,3,18.75,1,0,0,0,0,0,0,0,1,0,0,0,1,0,0,0,1,0,1,0,5,1
439,0,1,64.0,1,4,263.0,3,0,0,1,0,0,0,0,0,0,0,0,1,0,0,0,1,1,0,0,5,1
440,0,1,31.0,0,0,10.5,1,0,0,0,0,0,0,0,1,0,0,0,1,0,0,0,1,0,1,0,10,2
441,1,0,45.0,1,1,26.25,1,0,0,0,0,0,0,0,1,0,0,0,1,0,0,0,1,0,1,0,12,2
442,0,1,20.0,0,0,9.5,1,0,0,0,0,0,0,0,1,0,0,0,1,0,0,0,1,0,0,1,6,1
443,0,1,25.0,1,0,7.775,1,0,0,0,0,0,0,0,1,0,0,0,1,0,0,0,1,0,0,1,6,1
444,1,0,28.0,0,0,13.0,1,0,0,0,0,0,0,0,1,0,0,0,1,0,0,0,1,0,1,0,6,1
445,1,1,33.5,0,0,8.1125,1,0,0,0,0,0,0,0,1,0,0,0,1,0,0,0,1,0,0,1,5,1
446,1,1,4.0,0,2,81.8583,1,1,0,0,0,0,0,0,0,1,0,0,0,0,0,0,1,1,0,0,5,1
447,1,0,13.0,0,1,19.5,1,0,0,0,0,0,0,0,1,0,0,1,0,0,0,0,1,0,1,0,6,1
448,1,1,34.0,0,0,26.55,1,0,0,0,0,0,0,0,1,0,0,0,1,0,0,0,1,1,0,0,6,1
449,1,0,5.0,2,1,19.2583,1,0,0,0,0,0,0,0,1,0,0,1,0,0,1,0,0,0,0,1,4,1
450,1,1,52.0,0,0,30.5,1,0,0,1,0,0,0,0,0,0,1,0,0,0,0,0,1,1,0,0,6,1
451,0,1,36.0,1,2,27.75,1,0,0,0,0,0,0,0,1,0,0,0,1,0,0,0,1,0,1,0,10,2
452,0,1,33.5,1,0,19.9667,1,0,0,0,0,0,0,0,1,0,0,0,1,0,0,0,1,0,0,1,5,1
453,0,1,30.0,0,0,27.75,1,0,0,1,0,0,0,0,0,0,0,0,1,0,1,0,0,1,0,0,6,1
454,1,1,49.0,1,0,89.1042,1,0,0,1,0,0,0,0,0,0,0,0,1,0,1,0,0,1,0,0,5,1
455,0,1,33.5,0,0,8.05,1,0,0,0,0,0,0,0,1,0,0,0,1,0,0,0,1,0,0,1,8,2
456,1,1,29.0,0,0,7.8958,1,0,0,0,0,0,0,0,1,0,0,0,1,0,1,0,0,0,0,1,6,1
457,0,1,65.0,0,0,26.55,1,0,0,0,0,1,0,0,0,0,0,0,1,0,0,0,1,1,0,0,5,1
458,1,0,33.5,1,0,51.8625,1,0,0,0,1,0,0,0,0,0,0,0,1,0,0,0,1,1,0,0,5,1
459,1,0,50.0,0,0,10.5,1,0,0,0,0,0,0,0,1,0,0,1,0,0,0,0,1,0,1,0,12,2
460,0,1,33.5,0,0,7.75,1,0,0,0,0,0,0,0,1,0,0,0,1,0,0,1,0,0,0,1,6,1
461,1,1,48.0,0,0,26.55,1,0,0,0,0,1,0,0,0,0,0,0,1,0,0,0,1,1,0,0,5,1
462,0,1,34.0,0,0,8.05,1,0,0,0,0,0,0,0,1,0,0,0,1,0,0,0,1,0,0,1,6,1
463,0,1,47.0,0,0,38.5,1,0,0,0,0,1,0,0,0,0,0,0,1,0,0,0,1,1,0,0,6,1
464,0,1,48.0,0,0,13.0,1,0,0,0,0,0,0,0,1,0,0,0,1,0,0,0,1,0,1,0,6,1
465,0,1,33.5,0,0,8.05,1,0,0,0,0,0,0,0,1,0,0,0,1,0,0,0,1,0,0,1,8,2
466,0,1,38.0,0,0,7.05,1,0,0,0,0,0,0,0,1,0,0,0,1,0,0,0,1,0,0,1,18,2
467,0,1,33.5,0,0,0.0,1,0,0,0,0,0,0,0,1,0,0,0,1,0,0,0,1,0,1,0,6,1
468,0,1,56.0,0,0,26.55,1,0,0,0,0,0,0,0,1,0,0,0,1,0,0,0,1,1,0,0,6,1
469,0,1,33.5,0,0,7.725,1,0,0,0,0,0,0,0,1,0,0,0,1,0,0,1,0,0,0,1,5,1
470,1,0,0.75,2,1,19.2583,1,0,0,0,0,0,0,0,1,0,0,1,0,0,1,0,0,0,0,1,4,1
471,0,1,33.5,0,0,7.25,1,0,0,0,0,0,0,0,1,0,0,0,1,0,0,0,1,0,0,1,6,1
472,0,1,38.0,0,0,8.6625,1,0,0,0,0,0,0,0,1,0,0,0,1,0,0,0,1,0,0,1,6,1
473,1,0,33.0,1,2,27.75,1,0,0,0,0,0,0,0,1,0,0,0,1,0,0,0,1,0,1,0,10,2
474,1,0,23.0,0,0,13.7917,1,0,0,0,1,0,0,0,0,0,0,0,1,0,1,0,0,0,1,0,15,3
475,0,0,22.0,0,0,9.8375,1,0,0,0,0,0,0,0,1,0,0,1,0,0,0,0,1,0,0,1,4,1
476,0,1,33.5,0,0,52.0,1,1,0,0,0,0,0,0,0,0,0,0,1,0,0,0,1,1,0,0,6,1
477,0,1,34.0,1,0,21.0,1,0,0,0,0,0,0,0,1,0,0,0,1,0,0,0,1,0,1,0,5,1
478,0,1,29.0,1,0,7.0458,1,0,0,0,0,0,0,0,1,0,0,0,1,0,0,0,1,0,0,1,4,1
479,0,1,22.0,0,0,7.5208,1,0,0,0,0,0,0,0,1,0,0,0,1,0,0,0,1,0,0,1,6,1
480,1,0,2.0,0,1,12.2875,1,0,0,0,0,0,0,0,1,0,0,1,0,0,0,0,1,0,0,1,7,1
481,0,1,9.0,5,2,46.9,1,0,0,0,0,0,0,0,1,1,0,0,0,0,0,0,1,0,0,1,7,2
482,0,1,33.5,0,0,0.0,1,0,0,0,0,0,0,0,1,0,0,0,1,0,0,0,1,0,1,0,6,1
483,0,1,50.0,0,0,8.05,1,0,0,0,0,0,0,0,1,0,0,0,1,0,0,0,1,0,0,1,8,2
484,1,0,63.0,0,0,9.5875,1,0,0,0,0,0,0,0,1,0,0,0,1,0,0,0,1,0,0,1,4,1
485,1,1,25.0,1,0,91.0792,1,0,1,0,0,0,0,0,0,0,0,0,1,0,1,0,0,1,0,0,5,1
486,0,0,21.5,3,1,25.4667,1,0,0,0,0,0,0,0,1,0,0,1,0,0,0,0,1,0,0,1,4,1
487,1,0,35.0,1,0,90.0,1,0,0,1,0,0,0,0,0,0,0,0,1,0,0,0,1,1,0,0,5,1
488,0,1,58.0,0,0,29.7,1,0,1,0,0,0,0,0,0,0,0,0,1,0,1,0,0,1,0,0,5,1
489,0,1,30.0,0,0,8.05,1,0,0,0,0,0,0,0,1,0,0,0,1,0,0,0,1,0,0,1,10,2
490,1,1,9.0,1,1,15.9,1,0,0,0,0,0,0,0,1,1,0,0,0,0,0,0,1,0,0,1,10,2
491,0,1,33.5,1,0,19.9667,1,0,0,0,0,0,0,0,1,0,0,0,1,0,0,0,1,0,0,1,5,1
492,0,1,21.0,0,0,7.25,1,0,0,0,0,0,0,0,1,0,0,0,1,0,0,0,1,0,0,1,16,2
493,0,1,55.0,0,0,30.5,1,0,0,1,0,0,0,0,0,0,0,0,1,0,0,0,1,1,0,0,6,1
494,0,1,71.0,0,0,49.5042,1,0,0,0,0,0,0,0,1,0,0,0,1,0,1,0,0,1,0,0,8,2
495,0,1,21.0,0,0,8.05,1,0,0,0,0,0,0,0,1,0,0,0,1,0,0,0,1,0,0,1,9,2
496,0,1,33.5,0,0,14.4583,1,0,0,0,0,0,0,0,1,0,0,0,1,0,1,0,0,0,0,1,4,1
497,1,0,54.0,1,0,78.2667,1,0,0,0,1,0,0,0,0,0,0,1,0,0,1,0,0,1,0,0,5,1
498,0,1,33.5,0,0,15.1,1,0,0,0,0,0,0,0,1,0,0,0,1,0,0,0,1,0,0,1,9,2
499,0,0,25.0,1,2,151.55,2,0,0,1,0,0,0,0,0,0,0,0,1,0,0,0,1,1,0,0,6,1
500,0,1,24.0,0,0,7.7958,1,0,0,0,0,0,0,0,1,0,0,0,1,0,0,0,1,0,0,1,6,1
501,0,1,17.0,0,0,8.6625,1,0,0,0,0,0,0,0,1,0,0,0,1,0,0,0,1,0,0,1,6,1
502,0,0,21.0,0,0,7.75,1,0,0,0,0,0,0,0,1,0,0,1,0,0,0,1,0,0,0,1,6,1
503,0,0,21.5,0,0,7.6292,1,0,0,0,0,0,0,0,1,0,0,1,0,0,0,1,0,0,0,1,6,1
504,0,0,37.0,0,0,9.5875,1,0,0,0,0,0,0,0,1,0,0,1,0,0,0,0,1,0,0,1,4,1
505,1,0,16.0,0,0,86.5,1,0,1,0,0,0,0,0,0,0,0,1,0,0,0,0,1,1,0,0,6,1
506,0,1,18.0,1,0,108.9,1,0,0,1,0,0,0,0,0,0,0,0,1,0,1,0,0,1,0,0,8,2
507,1,0,33.0,0,2,26.0,1,0,0,0,0,0,0,0,1,0,0,0,1,0,0,0,1,0,1,0,5,1
508,1,1,33.5,0,0,26.55,1,0,0,0,0,0,0,0,1,0,0,0,1,0,0,0,1,1,0,0,6,1
509,0,1,28.0,0,0,22.525,1,0,0,0,0,0,0,0,1,0,0,0,1,0,0,0,1,0,0,1,6,2
510,1,1,26.0,0,0,56.4958,1,0,0,0,0,0,0,0,1,0,0,0,1,0,0,0,1,0,0,1,4,1
511,1,1,29.0,0,0,7.75,1,0,0,0,0,0,0,0,1,0,0,0,1,0,0,1,0,0,0,1,6,1
512,0,1,33.5,0,0,8.05,1,0,0,0,0,0,0,0,1,0,0,0,1,0,0,0,1,0,0,1,16,2
513,1,1,36.0,0,0,26.2875,1,0,0,0,0,1,0,0,0,0,0,0,1,0,0,0,1,1,0,0,8,2
514,1,0,54.0,1,0,59.4,1,0,0,0,0,0,0,0,1,0,0,0,1,0,1,0,0,1,0,0,8,2
515,0,1,24.0,0,0,7.4958,1,0,0,0,0,0,0,0,1,0,0,0,1,0,0,0,1,0,0,1,6,1
516,0,1,47.0,0,0,34.0208,1,0,0,0,1,0,0,0,0,0,0,0,1,0,0,0,1,1,0,0,5,1
517,1,0,34.0,0,0,10.5,1,0,0,0,0,0,1,0,0,0,0,0,1,0,0,0,1,0,1,0,10,2
518,0,1,33.5,0,0,24.15,1,0,0,0,0,0,0,0,1,0,0,0,1,0,0,1,0,0,0,1,6,1
519,1,0,36.0,1,0,26.0,1,0,0,0,0,0,0,0,1,0,0,0,1,0,0,0,1,0,1,0,6,1
520,0,1,32.0,0,0,7.8958,1,0,0,0,0,0,0,0,1,0,0,0,1,0,0,0,1,0,0,1,6,1
521,1,0,30.0,0,0,93.5,1,0,1,0,0,0,0,0,0,0,0,1,0,0,0,0,1,1,0,0,5,1
522,0,1,22.0,0,0,7.8958,1,0,0,0,0,0,0,0,1,0,0,0,1,0,0,0,1,0,0,1,6,1
523,0,1,33.5,0,0,7.225,1,0,0,0,0,0,0,0,1,0,0,0,1,0,1,0,0,0,0,1,4,1
524,1,0,44.0,0,1,57.9792,1,0,1,0,0,0,0,0,0,0,0,0,1,0,1,0,0,1,0,0,6,1
525,0,1,33.5,0,0,7.2292,1,0,0,0,0,0,0,0,1,0,0,0,1,0,1,0,0,0,0,1,4,1
526,0,1,40.5,0,0,7.75,1,0,0,0,0,0,0,0,1,0,0,0,1,0,0,1,0,0,0,1,6,1
527,1,0,50.0,0,0,10.5,1,0,0,0,0,0,0,0,1,0,0,1,0,0,0,0,1,0,1,0,11,2
528,0,1,33.5,0,0,221.7792,1,0,0,1,0,0,0,0,0,0,0,0,1,0,0,0,1,1,0,0,8,2
529,0,1,39.0,0,0,7.925,1,0,0,0,0,0,0,0,1,0,0,0,1,0,0,0,1,0,0,1,7,1
530,0,1,23.0,2,1,11.5,1,0,0,0,0,0,0,0,1,0,0,0,1,0,0,0,1,0,1,0,5,1
531,1,0,2.0,1,1,26.0,1,0,0,0,0,0,0,0,1,0,0,1,0,0,0,0,1,0,1,0,5,1
532,0,1,33.5,0,0,7.2292,1,0,0,0,0,0,0,0,1,0,0,0,1,0,1,0,0,0,0,1,4,1
533,0,1,17.0,1,1,7.2292,1,0,0,0,0,0,0,0,1,0,0,0,1,0,1,0,0,0,0,1,4,1
534,1,0,33.5,0,2,22.3583,1,0,0,0,0,0,0,0,1,0,0,0,1,0,1,0,0,0,0,1,4,1
535,0,0,30.0,0,0,8.6625,1,0,0,0,0,0,0,0,1,0,0,1,0,0,0,0,1,0,0,1,6,1
536,1,0,7.0,0,2,26.25,1,0,0,0,0,0,0,0,1,0,0,1,0,0,0,0,1,0,1,0,12,2
537,0,1,45.0,0,0,26.55,1,0,1,0,0,0,0,0,0,0,1,0,0,0,0,0,1,1,0,0,6,1
538,1,0,30.0,0,0,106.425,1,0,0,0,0,0,0,0,1,0,0,1,0,0,1,0,0,1,0,0,8,2
539,0,1,33.5,0,0,14.5,1,0,0,0,0,0,0,0,1,0,0,0,1,0,0,0,1,0,0,1,6,1
540,1,0,22.0,0,2,49.5,1,0,1,0,0,0,0,0,0,0,0,1,0,0,1,0,0,1,0,0,5,1
541,1,0,36.0,0,2,71.0,1,0,1,0,0,0,0,0,0,0,0,1,0,0,0,0,1,1,0,0,9,2
542,0,0,9.0,4,2,31.275,1,0,0,0,0,0,0,0,1,0,0,1,0,0,0,0,1,0,0,1,6,1
543,0,0,11.0,4,2,31.275,1,0,0,0,0,0,0,0,1,0,0,1,0,0,0,0,1,0,0,1,6,1
544,1,1,32.0,1,0,26.0,1,0,0,0,0,0,0,0,1,0,0,0,1,0,0,0,1,0,1,0,4,1
545,0,1,50.0,1,0,106.425,1,0,0,1,0,0,0,0,0,0,0,0,1,0,1,0,0,1,0,0,8,2
546,0,1,64.0,0,0,26.0,1,0,0,0,0,0,0,0,1,0,0,0,1,0,0,0,1,1,0,0,3,1
547,1,0,19.0,1,0,26.0,1,0,0,0,0,0,0,0,1,0,0,0,1,0,0,0,1,0,1,0,4,1
548,1,1,33.5,0,0,13.8625,1,0,0,0,0,0,0,0,1,0,0,0,1,0,1,0,0,0,1,0,13,2
549,0,1,33.0,1,1,20.525,1,0,0,0,0,0,0,0,1,0,0,0,1,0,0,0,1,0,0,1,6,1
550,1,1,8.0,1,1,36.75,1,0,0,0,0,0,0,0,1,1,0,0,0,0,0,0,1,0,1,0,10,2
551,1,1,17.0,0,2,110.8833,1,0,0,1,0,0,0,0,0,0,0,0,1,0,1,0,0,1,0,0,5,1
552,0,1,27.0,0,0,26.0,1,0,0,0,0,0,0,0,1,0,0,0,1,0,0,0,1,0,1,0,6,1
553,0,1,33.5,0,0,7.8292,1,0,0,0,0,0,0,0,1,0,0,0,1,0,0,1,0,0,0,1,6,1
554,1,1,22.0,0,0,7.225,1,0,0,0,0,0,0,0,1,0,0,0,1,0,1,0,0,0,0,1,4,1
555,1,0,22.0,0,0,7.775,1,0,0,0,0,0,0,0,1,0,0,1,0,0,0,0,1,0,0,1,6,1
556,0,1,62.0,0,0,26.55,1,0,0,0,0,0,0,0,1,0,0,0,1,0,0,0,1,1,0,0,6,1
557,1,0,48.0,1,0,39.6,1,1,0,0,0,0,0,0,0,0,0,0,0,1,1,0,0,1,0,0,5,1
558,0,1,33.5,0,0,227.525,1,0,0,0,0,0,0,0,1,0,0,0,1,0,1,0,0,1,0,0,8,2
559,1,0,39.0,1,1,79.65,1,0,0,0,0,1,0,0,0,0,0,0,1,0,0,0,1,1,0,0,6,1
560,1,0,36.0,1,0,17.4,1,0,0,0,0,0,0,0,1,0,0,0,1,0,0,0,1,0,0,1,6,1
561,0,1,33.5,0,0,7.75,1,0,0,0,0,0,0,0,1,0,0,0,1,0,0,1,0,0,0,1,6,1
562,0,1,40.0,0,0,7.8958,1,0,0,0,0,0,0,0,1,0,0,0,1,0,0,0,1,0,0,1,6,1
563,0,1,28.0,0,0,13.5,1,0,0,0,0,0,0,0,1,0,0,0,1,0,0,0,1,0,1,0,6,1
564,0,1,33.5,0,0,8.05,1,0,0,0,0,0,0,0,1,0,0,0,1,0,0,0,1,0,0,1,15,2
565,0,0,21.5,0,0,8.05,1,0,0,0,0,0,0,0,1,0,0,1,0,0,0,0,1,0,0,1,17,2
566,0,1,24.0,2,0,24.15,1,0,0,0,0,0,0,0,1,0,0,0,1,0,0,0,1,0,0,1,9,2
567,0,1,19.0,0,0,7.8958,1,0,0,0,0,0,0,0,1,0,0,0,1,0,0,0,1,0,0,1,6,1
568,0,0,29.0,0,4,21.075,1,0,0,0,0,0,0,0,1,0,0,0,1,0,0,0,1,0,0,1,6,1
569,0,1,33.5,0,0,7.2292,1,0,0,0,0,0,0,0,1,0,0,0,1,0,1,0,0,0,0,1,4,1
570,1,1,32.0,0,0,7.8542,1,0,0,0,0,0,0,0,1,0,0,0,1,0,0,0,1,0,0,1,6,1
571,1,1,62.0,0,0,10.5,1,0,0,0,0,0,0,0,1,0,0,0,1,0,0,0,1,0,1,0,11,2
572,1,0,53.0,2,0,51.4792,1,0,0,1,0,0,0,0,0,0,0,0,1,0,0,0,1,1,0,0,5,1
573,1,1,36.0,0,0,26.3875,1,0,0,0,0,1,0,0,0,0,0,0,1,0,0,0,1,1,0,0,8,2
574,1,0,21.5,0,0,7.75,1,0,0,0,0,0,0,0,1,0,0,1,0,0,0,1,0,0,0,1,5,1
575,0,1,16.0,0,0,8.05,1,0,0,0,0,0,0,0,1,0,0,0,1,0,0,0,1,0,0,1,10,2
576,0,1,19.0,0,0,14.5,1,0,0,0,0,0,0,0,1,0,0,0,1,0,0,0,1,0,0,1,6,1
577,1,0,34.0,0,0,13.0,1,0,0,0,0,0,0,0,1,0,0,1,0,0,0,0,1,0,1,0,6,1
578,1,0,39.0,1,0,55.9,1,0,0,0,0,1,0,0,0,0,0,0,1,0,0,0,1,1,0,0,5,1
579,0,0,33.5,1,0,14.4583,1,0,0,0,0,0,0,0,1,0,0,0,1,0,1,0,0,0,0,1,4,1
580,1,1,32.0,0,0,7.925,1,0,0,0,0,0,0,0,1,0,0,0,1,0,0,0,1,0,0,1,17,3
581,1,0,25.0,1,1,30.0,1,0,0,0,0,0,0,0,1,0,0,1,0,0,0,0,1,0,1,0,6,1
582,1,0,39.0,1,1,110.8833,1,0,0,1,0,0,0,0,0,0,0,0,1,0,1,0,0,1,0,0,5,1
583,0,1,54.0,0,0,26.0,1,0,0,0,0,0,0,0,1,0,0,0,1,0,0,0,1,0,1,0,5,1
584,0,1,36.0,0,0,40.125,1,1,0,0,0,0,0,0,0,0,0,0,1,0,1,0,0,1,0,0,5,1
585,0,1,33.5,0,0,8.7125,1,0,0,0,0,0,0,0,1,0,0,0,1,0,1,0,0,0,0,1,4,1
586,1,0,18.0,0,2,79.65,1,0,0,0,0,1,0,0,0,0,0,1,0,0,0,0,1,1,0,0,6,1
587,0,1,47.0,0,0,15.0,1,0,0,0,0,0,0,0,1,0,0,0,1,0,0,0,1,0,1,0,6,1
588,1,1,60.0,1,1,79.2,1,0,1,0,0,0,0,0,0,0,0,0,1,0,1,0,0,1,0,0,5,1
589,0,1,22.0,0,0,8.05,1,0,0,0,0,0,0,0,1,0,0,0,1,0,0,0,1,0,0,1,5,1
590,0,1,33.5,0,0,8.05,1,0,0,0,0,0,0,0,1,0,0,0,1,0,0,0,1,0,0,1,10,2
591,0,1,35.0,0,0,7.125,1,0,0,0,0,0,0,0,1,0,0,0,1,0,0,0,1,0,0,1,17,3
592,1,0,52.0,1,0,78.2667,1,0,0,0,1,0,0,0,0,0,0,0,1,0,1,0,0,1,0,0,5,1
593,0,1,47.0,0,0,7.25,1,0,0,0,0,0,0,0,1,0,0,0,1,0,0,0,1,0,0,1,8,2
594,0,0,21.5,0,2,7.75,1,0,0,0,0,0,0,0,1,0,0,1,0,0,0,1,0,0,0,1,6,1
595,0,1,37.0,1,0,26.0,1,0,0,0,0,0,0,0,1,0,0,0,1,0,0,0,1,0,1,0,11,2
596,0,1,36.0,1,1,24.15,1,0,0,0,0,0,0,0,1,0,0,0,1,0,0,0,1,0,0,1,6,1
597,1,0,21.5,0,0,33.0,1,0,0,0,0,0,0,0,1,0,0,1,0,0,0,0,1,0,1,0,6,1
598,0,1,49.0,0,0,0.0,1,0,0,0,0,0,0,0,1,0,0,0,1,0,0,0,1,0,0,1,4,1
599,0,1,33.5,0,0,7.225,1,0,0,0,0,0,0,0,1,0,0,0,1,0,1,0,0,0,0,1,4,1
600,1,1,49.0,1,0,56.9292,1,1,0,0,0,0,0,0,0,0,0,0,0,1,1,0,0,1,0,0,8,2
601,1,0,24.0,2,1,27.0,1,0,0,0,0,0,0,0,1,0,0,0,1,0,0,0,1,0,1,0,6,1
602,0,1,33.5,0,0,7.8958,1,0,0,0,0,0,0,0,1,0,0,0,1,0,0,0,1,0,0,1,6,1
603,0,1,33.5,0,0,42.4,1,0,0,0,0,0,0,0,1,0,0,0,1,0,0,0,1,1,0,0,6,1
604,0,1,44.0,0,0,8.05,1,0,0,0,0,0,0,0,1,0,0,0,1,0,0,0,1,0,0,1,6,1
605,1,1,35.0,0,0,26.55,1,0,0,0,0,0,0,0,1,0,0,0,1,0,1,0,0,1,0,0,6,1
606,0,1,36.0,1,0,15.55,1,0,0,0,0,0,0,0,1,0,0,0,1,0,0,0,1,0,0,1,6,1
607,0,1,30.0,0,0,7.8958,1,0,0,0,0,0,0,0,1,0,0,0,1,0,0,0,1,0,0,1,6,1
608,1,1,27.0,0,0,30.5,1,0,0,0,0,0,0,0,1,0,0,0,1,0,0,0,1,1,0,0,6,1
609,1,0,22.0,1,2,41.5792,1,0,0,0,0,0,0,0,1,0,0,0,1,0,1,0,0,0,1,0,13,2
610,1,0,40.0,0,0,153.4625,1,0,0,1,0,0,0,0,0,0,0,1,0,0,0,0,1,1,0,0,8,2
611,0,0,39.0,1,5,31.275,1,0,0,0,0,0,0,0,1,0,0,0,1,0,0,0,1,0,0,1,6,1
612,0,1,33.5,0,0,7.05,1,0,0,0,0,0,0,0,1,0,0,0,1,0,0,0,1,0,0,1,18,2
613,1,0,21.5,1,0,15.5,1,0,0,0,0,0,0,0,1,0,0,1,0,0,0,1,0,0,0,1,6,1
614,0,1,33.5,0,0,7.75,1,0,0,0,0,0,0,0,1,0,0,0,1,0,0,1,0,0,0,1,6,1
615,0,1,35.0,0,0,8.05,1,0,0,0,0,0,0,0,1,0,0,0,1,0,0,0,1,0,0,1,6,1
616,1,0,24.0,1,2,65.0,1,0,0,0,0,0,0,0,1,0,0,1,0,0,0,0,1,0,1,0,6,1
617,0,1,34.0,1,1,14.4,1,0,0,0,0,0,0,0,1,0,0,0,1,0,0,0,1,0,0,1,6,1
618,0,0,26.0,1,0,16.1,1,0,0,0,0,0,0,0,1,0,0,0,1,0,0,0,1,0,0,1,9,2
619,1,0,4.0,2,1,39.0,1,0,0,0,0,0,1,0,0,0,0,1,0,0,0,0,1,0,1,0,6,1
620,0,1,26.0,0,0,10.5,1,0,0,0,0,0,0,0,1,0,0,0,1,0,0,0,1,0,1,0,5,1
621,0,1,27.0,1,0,14.4542,1,0,0,0,0,0,0,0,1,0,0,0,1,0,1,0,0,0,0,1,4,1
622,1,1,42.0,1,0,52.5542,1,0,0,0,1,0,0,0,0,0,0,0,1,0,0,0,1,1,0,0,5,1
623,1,1,20.0,1,1,15.7417,1,0,0,0,0,0,0,0,1,0,0,0,1,0,1,0,0,0,0,1,4,1
624,0,1,21.0,0,0,7.8542,1,0,0,0,0,0,0,0,1,0,0,0,1,0,0,0,1,0,0,1,6,1
625,0,1,21.0,0,0,16.1,1,0,0,0,0,0,0,0,1,0,0,0,1,0,0,0,1,0,0,1,5,1
626,0,1,61.0,0,0,32.3208,1,0,0,0,1,0,0,0,0,0,0,0,1,0,0,0,1,1,0,0,5,1
627,0,1,57.0,0,0,12.35,1,0,0,0,0,0,0,0,1,0,1,0,0,0,0,1,0,0,1,0,6,1
628,1,0,21.0,0,0,77.9583,1,0,0,0,1,0,0,0,0,0,0,1,0,0,0,0,1,1,0,0,5,1
629,0,1,26.0,0,0,7.8958,1,0,0,0,0,0,0,0,1,0,0,0,1,0,0,0,1,0,0,1,6,1
630,0,1,33.5,0,0,7.7333,1,0,0,0,0,0,0,0,1,0,0,0,1,0,0,1,0,0,0,1,6,1
631,1,1,80.0,0,0,30.0,1,1,0,0,0,0,0,0,0,0,0,0,1,0,0,0,1,1,0,0,5,1
632,0,1,51.0,0,0,7.0542,1,0,0,0,0,0,0,0,1,0,0,0,1,0,0,0,1,0,0,1,6,1
633,1,1,32.0,0,0,30.5,1,0,1,0,0,0,0,0,0,0,1,0,0,0,1,0,0,1,0,0,5,1
634,0,1,33.5,0,0,0.0,1,0,0,0,0,0,0,0,1,0,0,0,1,0,0,0,1,1,0,0,6,1
635,0,0,9.0,3,2,27.9,1,0,0,0,0,0,0,0,1,0,0,1,0,0,0,0,1,0,0,1,6,1
636,1,0,28.0,0,0,13.0,1,0,0,0,0,0,0,0,1,0,0,1,0,0,0,0,1,0,1,0,6,1
637,0,1,32.0,0,0,7.925,1,0,0,0,0,0,0,0,1,0,0,0,1,0,0,0,1,0,0,1,17,3
638,0,1,31.0,1,1,26.25,1,0,0,0,0,0,0,0,1,0,0,0,1,0,0,0,1,0,1,0,10,2
639,0,0,41.0,0,5,39.6875,1,0,0,0,0,0,0,0,1,0,0,0,1,0,0,0,1,0,0,1,7,1
640,0,1,33.5,1,0,16.1,1,0,0,0,0,0,0,0,1,0,0,0,1,0,0,0,1,0,0,1,6,1
641,0,1,20.0,0,0,7.8542,1,0,0,0,0,0,0,0,1,0,0,0,1,0,0,0,1,0,0,1,6,1
642,1,0,24.0,0,0,69.3,1,0,1,0,0,0,0,0,0,0,0,1,0,0,1,0,0,1,0,0,8,2
643,0,0,2.0,3,2,27.9,1,0,0,0,0,0,0,0,1,0,0,1,0,0,0,0,1,0,0,1,6,1
644,1,1,33.5,0,0,56.4958,1,0,0,0,0,0,0,0,1,0,0,0,1,0,0,0,1,0,0,1,4,1
645,1,0,0.75,2,1,19.2583,1,0,0,0,0,0,0,0,1,0,0,1,0,0,1,0,0,0,0,1,4,1
646,1,1,48.0,1,0,76.7292,1,0,0,0,1,0,0,0,0,0,0,0,1,0,1,0,0,1,0,0,8,2
647,0,1,19.0,0,0,7.8958,1,0,0,0,0,0,0,0,1,0,0,0,1,0,0,0,1,0,0,1,6,1
648,1,1,56.0,0,0,35.5,1,1,0,0,0,0,0,0,0,0,1,0,0,0,1,0,0,1,0,0,5,1
649,0,1,33.5,0,0,7.55,1,0,0,0,0,0,0,0,1,0,0,0,1,0,0,0,1,0,0,1,13,2
650,1,0,23.0,0,0,7.55,1,0,0,0,0,0,0,0,1,0,0,1,0,0,0,0,1,0,0,1,8,2
651,0,1,33.5,0,0,7.8958,1,0,0,0,0,0,0,0,1,0,0,0,1,0,0,0,1,0,0,1,6,1
652,1,0,18.0,0,1,23.0,1,0,0,0,0,0,0,0,1,0,0,1,0,0,0,0,1,0,1,0,6,1
653,0,1,21.0,0,0,8.4333,1,0,0,0,0,0,0,0,1,0,0,0,1,0,0,0,1,0,0,1,4,1
654,1,0,21.5,0,0,7.8292,1,0,0,0,0,0,0,0,1,0,0,1,0,0,0,1,0,0,0,1,6,1
655,0,0,18.0,0,0,6.75,1,0,0,0,0,0,0,0,1,0,0,1,0,0,0,1,0,0,0,1,6,1
656,0,1,24.0,2,0,73.5,1,0,0,0,0,0,0,0,1,0,0,0,1,0,0,0,1,0,1,0,12,2
657,0,1,33.5,0,0,7.8958,1,0,0,0,0,0,0,0,1,0,0,0,1,0,0,0,1,0,0,1,6,1
658,0,0,32.0,1,1,15.5,1,0,0,0,0,0,0,0,1,0,0,0,1,0,0,1,0,0,0,1,6,1
659,0,1,23.0,0,0,13.0,1,0,0,0,0,0,0,0,1,0,0,0,1,0,0,0,1,0,1,0,5,1
660,0,1,58.0,0,2,113.275,1,0,0,0,1,0,0,0,0,0,0,0,1,0,1,0,0,1,0,0,5,1
661,1,1,50.0,2,0,133.65,1,0,0,0,0,0,0,0,1,0,1,0,0,0,0,0,1,1,0,0,8,2
662,0,1,40.0,0,0,7.225,1,0,0,0,0,0,0,0,1,0,0,0,1,0,1,0,0,0,0,1,4,1
663,0,1,47.0,0,0,25.5875,1,0,0,0,0,1,0,0,0,0,0,0,1,0,0,0,1,1,0,0,4,1
664,0,1,36.0,0,0,7.4958,1,0,0,0,0,0,0,0,1,0,0,0,1,0,0,0,1,0,0,1,6,1
665,1,1,20.0,1,0,7.925,1,0,0,0,0,0,0,0,1,0,0,0,1,0,0,0,1,0,0,1,17,3
666,0,1,32.0,2,0,73.5,1,0,0,0,0,0,0,0,1,0,0,0,1,0,0,0,1,0,1,0,12,2
667,0,1,25.0,0,0,13.0,1,0,0,0,0,0,0,0,1,0,0,0,1,0,0,0,1,0,1,0,6,1
668,0,1,33.5,0,0,7.775,1,0,0,0,0,0,0,0,1,0,0,0,1,0,0,0,1,0,0,1,6,1
669,0,1,43.0,0,0,8.05,1,0,0,0,0,0,0,0,1,0,0,0,1,0,0,0,1,0,0,1,8,2
670,1,0,33.5,1,0,52.0,1,0,0,1,0,0,0,0,0,0,0,0,1,0,0,0,1,1,0,0,5,1
671,1,0,40.0,1,1,39.0,1,0,0,0,0,0,0,0,1,0,0,0,1,0,0,0,1,0,1,0,5,1
672,0,1,31.0,1,0,52.0,1,0,1,0,0,0,0,0,0,0,0,0,1,0,0,0,1,1,0,0,10,2
673,0,1,70.0,0,0,10.5,1,0,0,0,0,0,0,0,1,0,0,0,1,0,0,0,1,0,1,0,10,2
674,1,1,31.0,0,0,13.0,1,0,0,0,0,0,0,0,1,0,0,0,1,0,0,0,1,0,1,0,6,1
675,0,1,33.5,0,0,0.0,1,0,0,0,0,0,0,0,1,0,0,0,1,0,0,0,1,0,1,0,6,1
676,0,1,18.0,0,0,7.775,1,0,0,0,0,0,0,0,1,0,0,0,1,0,0,0,1,0,0,1,6,1
677,0,1,24.5,0,0,8.05,1,0,0,0,0,0,0,0,1,0,0,0,1,0,0,0,1,0,0,1,6,1
678,1,0,18.0,0,0,9.8417,1,0,0,0,0,0,0,0,1,0,0,1,0,0,0,0,1,0,0,1,4,1
679,0,0,43.0,1,6,46.9,1,0,0,0,0,0,0,0,1,0,0,0,1,0,0,0,1,0,0,1,7,2
680,1,1,36.0,0,1,512.3292,3,0,1,0,0,0,0,0,0,0,0,0,1,0,1,0,0,1,0,0,8,2
681,0,0,21.5,0,0,8.1375,1,0,0,0,0,0,0,0,1,0,0,1,0,0,0,1,0,0,0,1,6,1
682,1,1,27.0,0,0,76.7292,1,0,0,0,1,0,0,0,0,0,0,0,1,0,1,0,0,1,0,0,8,2
683,0,1,20.0,0,0,9.225,1,0,0,0,0,0,0,0,1,0,0,0,1,0,0,0,1,0,0,1,4,1
684,0,1,14.0,5,2,46.9,1,0,0,0,0,0,0,0,1,0,0,0,1,0,0,0,1,0,0,1,7,2
685,0,1,60.0,1,1,39.0,1,0,0,0,0,0,0,0,1,0,0,0,1,0,0,0,1,0,1,0,5,1
686,0,1,25.0,1,2,41.5792,1,0,0,0,0,0,0,0,1,0,0,0,1,0,1,0,0,0,1,0,13,2
687,0,1,14.0,4,1,39.6875,1,0,0,0,0,0,0,0,1,0,0,0,1,0,0,0,1,0,0,1,7,1
688,0,1,19.0,0,0,10.1708,1,0,0,0,0,0,0,0,1,0,0,0,1,0,0,0,1,0,0,1,6,1
689,0,1,18.0,0,0,7.7958,1,0,0,0,0,0,0,0,1,0,0,0,1,0,0,0,1,0,0,1,6,1
690,1,0,15.0,0,1,211.3375,1,0,1,0,0,0,0,0,0,0,0,1,0,0,0,0,1,1,0,0,5,1
691,1,1,31.0,1,0,57.0,1,0,1,0,0,0,0,0,0,0,0,0,1,0,0,0,1,1,0,0,5,1
692,1,0,4.0,0,1,13.4167,1,0,0,0,0,0,0,0,1,0,0,1,0,0,1,0,0,0,0,1,6,1
693,1,1,33.5,0,0,56.4958,1,0,0,0,0,0,0,0,1,0,0,0,1,0,0,0,1,0,0,1,4,1
694,0,1,25.0,0,0,7.225,1,0,0,0,0,0,0,0,1,0,0,0,1,0,1,0,0,0,0,1,4,1
695,0,1,60.0,0,0,26.55,1,0,0,0,0,0,0,0,1,0,1,0,0,0,0,0,1,1,0,0,6,1
696,0,1,52.0,0,0,13.5,1,0,0,0,0,0,0,0,1,0,0,0,1,0,0,0,1,0,1,0,6,1
697,0,1,44.0,0,0,8.05,1,0,0,0,0,0,0,0,1,0,0,0,1,0,0,0,1,0,0,1,6,1
698,1,0,21.5,0,0,7.7333,1,0,0,0,0,0,0,0,1,0,0,1,0,0,0,1,0,0,0,1,5,1
699,0,1,49.0,1,1,110.8833,1,0,0,1,0,0,0,0,0,0,0,0,1,0,1,0,0,1,0,0,5,1
700,0,1,42.0,0,0,7.65,2,0,0,0,0,0,1,0,0,0,0,0,1,0,0,0,1,0,0,1,6,1
701,1,0,18.0,1,0,227.525,2,0,0,1,0,0,0,0,0,0,0,0,1,0,1,0,0,1,0,0,8,2
702,1,1,35.0,0,0,26.2875,1,0,0,0,0,1,0,0,0,0,0,0,1,0,0,0,1,1,0,0,8,2
703,0,0,18.0,0,1,14.4542,1,0,0,0,0,0,0,0,1,0,0,1,0,0,1,0,0,0,0,1,4,1
704,0,1,25.0,0,0,7.7417,1,0,0,0,0,0,0,0,1,0,0,0,1,0,0,1,0,0,0,1,5,1
705,0,1,26.0,1,0,7.8542,1,0,0,0,0,0,0,0,1,0,0,0,1,0,0,0,1,0,0,1,6,1
706,0,1,39.0,0,0,26.0,1,0,0,0,0,0,0,0,1,0,0,0,1,0,0,0,1,0,1,0,6,1
707,1,0,45.0,0,0,13.5,1,0,0,0,0,0,0,0,1,0,0,0,1,0,0,0,1,0,1,0,6,1
708,1,1,42.0,0,0,26.2875,1,0,0,0,0,1,0,0,0,0,0,0,1,0,0,0,1,1,0,0,8,2
709,1,0,22.0,0,0,151.55,1,0,0,0,0,0,0,0,1,0,0,1,0,0,0,0,1,1,0,0,6,1
710,1,1,5.5,1,1,15.2458,1,0,0,0,0,0,0,0,1,1,0,0,0,0,1,0,0,0,0,1,4,1
711,1,0,24.0,0,0,49.5042,1,0,0,1,0,0,0,0,0,0,0,1,0,0,1,0,0,1,0,0,8,2
712,0,1,33.5,0,0,26.55,1,0,0,1,0,0,0,0,0,0,0,0,1,0,0,0,1,1,0,0,6,1
713,1,1,48.0,1,0,52.0,1,0,0,1,0,0,0,0,0,0,0,0,1,0,0,0,1,1,0,0,5,1
714,0,1,29.0,0,0,9.4833,1,0,0,0,0,0,0,0,1,0,0,0,1,0,0,0,1,0,0,1,4,1
715,0,1,52.0,0,0,13.0,1,0,0,0,0,0,0,0,1,0,0,0,1,0,0,0,1,0,1,0,6,1
716,0,1,19.0,0,0,7.65,2,0,0,0,0,0,1,0,0,0,0,0,1,0,0,0,1,0,0,1,6,1
717,1,0,38.0,0,0,227.525,1,0,0,1,0,0,0,0,0,0,0,1,0,0,1,0,0,1,0,0,8,2
718,1,0,27.0,0,0,10.5,1,0,0,0,0,1,0,0,0,0,0,1,0,0,0,0,1,0,1,0,5,1
719,0,1,33.5,0,0,15.5,1,0,0,0,0,0,0,0,1,0,0,0,1,0,0,1,0,0,0,1,5,1
720,0,1,33.0,0,0,7.775,1,0,0,0,0,0,0,0,1,0,0,0,1,0,0,0,1,0,0,1,6,1
721,1,0,6.0,0,1,33.0,1,0,0,0,0,0,0,0,1,0,0,1,0,0,0,0,1,0,1,0,6,1
722,0,1,17.0,1,0,7.0542,1,0,0,0,0,0,0,0,1,0,0,0,1,0,0,0,1,0,0,1,6,1
723,0,1,34.0,0,0,13.0,1,0,0,0,0,0,0,0,1,0,0,0,1,0,0,0,1,0,1,0,5,1
724,0,1,50.0,0,0,13.0,1,0,0,0,0,0,0,0,1,0,0,0,1,0,0,0,1,0,1,0,6,1
725,1,1,27.0,1,0,53.1,1,0,0,0,0,1,0,0,0,0,0,0,1,0,0,0,1,1,0,0,6,1
726,0,1,20.0,0,0,8.6625,1,0,0,0,0,0,0,0,1,0,0,0,1,0,0,0,1,0,0,1,6,1
727,1,0,30.0,3,0,21.0,1,0,0,0,0,0,0,0,1,0,0,0,1,0,0,0,1,0,1,0,5,1
728,1,0,21.5,0,0,7.7375,1,0,0,0,0,0,0,0,1,0,0,1,0,0,0,1,0,0,0,1,5,1
729,0,1,25.0,1,0,26.0,1,0,0,0,0,0,0,0,1,0,0,0,1,0,0,0,1,0,1,0,6,1
730,0,0,25.0,1,0,7.925,1,0,0,0,0,0,0,0,1,0,0,1,0,0,0,0,1,0,0,1,16,2
731,1,0,29.0,0,0,211.3375,1,0,1,0,0,0,0,0,0,0,0,1,0,0,0,0,1,1,0,0,5,1
732,0,1,11.0,0,0,18.7875,1,0,0,0,0,0,0,0,1,0,0,0,1,0,1,0,0,0,0,1,4,1
733,0,1,33.5,0,0,0.0,1,0,0,0,0,0,0,0,1,0,0,0,1,0,0,0,1,0,1,0,6,1
734,0,1,23.0,0,0,13.0,1,0,0,0,0,0,0,0,1,0,0,0,1,0,0,0,1,0,1,0,5,1
735,0,1,23.0,0,0,13.0,1,0,0,0,0,0,0,0,1,0,0,0,1,0,0,0,1,0,1,0,6,1
736,0,1,28.5,0,0,16.1,1,0,0,0,0,0,0,0,1,0,0,0,1,0,0,0,1,0,0,1,5,1
737,0,0,48.0,1,3,34.375,1,0,0,0,0,0,0,0,1,0,0,0,1,0,0,0,1,0,0,1,10,2
738,1,1,35.0,0,0,512.3292,1,0,1,0,0,0,0,0,0,0,0,0,1,0,1,0,0,1,0,0,8,2
739,0,1,33.5,0,0,7.8958,1,0,0,0,0,0,0,0,1,0,0,0,1,0,0,0,1,0,0,1,6,1
740,0,1,33.5,0,0,7.8958,1,0,0,0,0,0,0,0,1,0,0,0,1,0,0,0,1,0,0,1,6,1
741,1,1,33.5,0,0,30.0,1,0,0,0,1,0,0,0,0,0,0,0,1,0,0,0,1,1,0,0,5,1
742,0,1,36.0,1,0,78.85,1,0,0,1,0,0,0,0,0,0,0,0,1,0,0,0,1,1,0,0,5,1
743,1,0,21.0,2,2,262.375,4,0,1,0,0,0,0,0,0,0,0,1,0,0,1,0,0,1,0,0,8,2
744,0,1,24.0,1,0,16.1,1,0,0,0,0,0,0,0,1,0,0,0,1,0,0,0,1,0,0,1,6,1
745,1,1,31.0,0,0,7.925,1,0,0,0,0,0,0,0,1,0,0,0,1,0,0,0,1,0,0,1,17,3
746,0,1,70.0,1,1,71.0,1,0,1,0,0,0,0,0,0,0,1,0,0,0,0,0,1,1,0,0,9,2
747,0,1,16.0,1,1,20.25,1,0,0,0,0,0,0,0,1,0,0,0,1,0,0,0,1,0,0,1,9,2
748,1,0,30.0,0,0,13.0,1,0,0,0,0,0,0,0,1,0,0,1,0,0,0,0,1,0,1,0,6,1
749,0,1,19.0,1,0,53.1,1,0,0,0,1,0,0,0,0,0,0,0,1,0,0,0,1,1,0,0,6,1
750,0,1,31.0,0,0,7.75,1,0,0,0,0,0,0,0,1,0,0,0,1,0,0,1,0,0,0,1,6,1
751,1,0,4.0,1,1,23.0,1,0,0,0,0,0,0,0,1,0,0,1,0,0,0,0,1,0,1,0,5,1
752,1,1,6.0,0,1,12.475,1,0,0,0,0,1,0,0,0,1,0,0,0,0,0,0,1,0,0,1,6,1
753,0,1,33.0,0,0,9.5,1,0,0,0,0,0,0,0,1,0,0,0,1,0,0,0,1,0,0,1,6,1
754,0,1,23.0,0,0,7.8958,1,0,0,0,0,0,0,0,1,0,0,0,1,0,0,0,1,0,0,1,6,1
755,1,0,48.0,1,2,65.0,1,0,0,0,0,0,0,0,1,0,0,0,1,0,0,0,1,0,1,0,6,1
756,1,1,0.67,1,1,14.5,1,0,0,0,0,0,0,0,1,1,0,0,0,0,0,0,1,0,1,0,6,1
757,0,1,28.0,0,0,7.7958,1,0,0,0,0,0,0,0,1,0,0,0,1,0,0,0,1,0,0,1,6,1
758,0,1,18.0,0,0,11.5,1,0,0,0,0,0,0,0,1,0,0,0,1,0,0,0,1,0,1,0,5,1
759,0,1,34.0,0,0,8.05,1,0,0,0,0,0,0,0,1,0,0,0,1,0,0,0,1,0,0,1,6,1
760,1,0,33.0,0,0,86.5,1,0,1,0,0,0,0,0,0,0,0,0,0,1,0,0,1,1,0,0,6,1
761,0,1,33.5,0,0,14.5,1,0,0,0,0,0,0,0,1,0,0,0,1,0,0,0,1,0,0,1,6,1
762,0,1,41.0,0,0,7.125,1,0,0,0,0,0,0,0,1,0,0,0,1,0,0,0,1,0,0,1,16,2
763,1,1,20.0,0,0,7.2292,1,0,0,0,0,0,0,0,1,0,0,0,1,0,1,0,0,0,0,1,4,1
764,1,0,36.0,1,2,120.0,2,0,1,0,0,0,0,0,0,0,0,0,1,0,0,0,1,1,0,0,6,1
765,0,1,16.0,0,0,7.775,1,0,0,0,0,0,0,0,1,0,0,0,1,0,0,0,1,0,0,1,6,1
766,1,0,51.0,1,0,77.9583,1,0,0,0,1,0,0,0,0,0,0,0,1,0,0,0,1,1,0,0,5,1
767,0,1,46.5,0,0,39.6,1,0,0,0,0,0,0,0,1,0,1,0,0,0,1,0,0,1,0,0,6,1
768,0,0,30.5,0,0,7.75,1,0,0,0,0,0,0,0,1,0,0,1,0,0,0,1,0,0,0,1,6,1
769,0,1,33.5,1,0,24.15,1,0,0,0,0,0,0,0,1,0,0,0,1,0,0,1,0,0,0,1,6,1
770,0,1,32.0,0,0,8.3625,1,0,0,0,0,0,0,0,1,0,0,0,1,0,0,0,1,0,0,1,4,1
771,0,1,24.0,0,0,9.5,1,0,0,0,0,0,0,0,1,0,0,0,1,0,0,0,1,0,0,1,6,1
772,0,1,48.0,0,0,7.8542,1,0,0,0,0,0,0,0,1,0,0,0,1,0,0,0,1,0,0,1,6,1
773,0,0,57.0,0,0,10.5,1,0,0,0,0,1,0,0,0,0,0,0,1,0,0,0,1,0,1,0,11,2
774,0,1,33.5,0,0,7.225,1,0,0,0,0,0,0,0,1,0,0,0,1,0,1,0,0,0,0,1,4,1
775,1,0,54.0,1,3,23.0,1,0,0,0,0,0,0,0,1,0,0,0,1,0,0,0,1,0,1,0,5,1
776,0,1,18.0,0,0,7.75,1,0,0,0,0,0,0,0,1,0,0,0,1,0,0,0,1,0,0,1,6,1
777,0,1,33.5,0,0,7.75,1,0,0,0,0,0,1,0,0,0,0,0,1,0,0,1,0,0,0,1,6,1
778,1,0,5.0,0,0,12.475,1,0,0,0,0,0,0,0,1,0,0,1,0,0,0,0,1,0,0,1,6,1
779,0,1,33.5,0,0,7.7375,1,0,0,0,0,0,0,0,1,0,0,0,1,0,0,1,0,0,0,1,5,1
780,1,0,43.0,0,1,211.3375,1,0,1,0,0,0,0,0,0,0,0,0,1,0,0,0,1,1,0,0,5,1
781,1,0,13.0,0,0,7.2292,1,0,0,0,0,0,0,0,1,0,0,1,0,0,1,0,0,0,0,1,4,1
782,1,0,17.0,1,0,57.0,1,0,1,0,0,0,0,0,0,0,0,0,1,0,0,0,1,1,0,0,5,1
783,0,1,29.0,0,0,30.0,1,0,0,0,1,0,0,0,0,0,0,0,1,0,0,0,1,1,0,0,6,1
784,0,1,33.5,1,2,23.45,1,0,0,0,0,0,0,0,1,0,0,0,1,0,0,0,1,0,0,1,10,2
785,0,1,25.0,0,0,7.05,1,0,0,0,0,0,0,0,1,0,0,0,1,0,0,0,1,0,0,1,18,2
786,0,1,25.0,0,0,7.25,1,0,0,0,0,0,0,0,1,0,0,0,1,0,0,0,1,0,0,1,6,1
787,1,0,18.0,0,0,7.4958,1,0,0,0,0,0,0,0,1,0,0,1,0,0,0,0,1,0,0,1,7,1
788,0,1,8.0,4,1,29.125,1,0,0,0,0,0,0,0,1,1,0,0,0,0,0,1,0,0,0,1,6,1
789,1,1,1.0,1,2,20.575,1,0,0,0,0,0,0,0,1,1,0,0,0,0,0,0,1,0,0,1,9,2
790,0,1,46.0,0,0,79.2,2,0,1,0,0,0,0,0,0,0,0,0,1,0,1,0,0,1,0,0,8,2
791,0,1,33.5,0,0,7.75,1,0,0,0,0,0,0,0,1,0,0,0,1,0,0,1,0,0,0,1,5,1
792,0,1,16.0,0,0,26.0,1,0,0,0,0,0,0,0,1,0,0,0,1,0,0,0,1,0,1,0,6,1
793,0,0,21.5,8,2,69.55,1,0,0,0,0,0,0,0,1,0,0,1,0,0,0,0,1,0,0,1,8,2
794,0,1,33.5,0,0,30.6958,1,0,0,0,0,0,0,0,1,0,0,0,1,0,1,0,0,1,0,0,8,2
795,0,1,25.0,0,0,7.8958,1,0,0,0,0,0,0,0,1,0,0,0,1,0,0,0,1,0,0,1,6,1
796,0,1,39.0,0,0,13.0,1,0,0,0,0,0,0,0,1,0,0,0,1,0,0,0,1,0,1,0,5,1
797,1,0,49.0,0,0,25.9292,1,0,0,0,1,0,0,0,0,0,1,0,0,0,0,0,1,1,0,0,5,1
798,1,0,31.0,0,0,8.6833,1,0,0,0,0,0,0,0,1,0,0,0,1,0,0,0,1,0,0,1,6,1
799,0,1,30.0,0,0,7.2292,1,0,0,0,0,0,0,0,1,0,0,0,1,0,1,0,0,0,0,1,4,1
800,0,0,30.0,1,1,24.15,1,0,0,0,0,0,0,0,1,0,0,0,1,0,0,0,1,0,0,1,6,1
801,0,1,34.0,0,0,13.0,1,0,0,0,0,0,0,0,1,0,0,0,1,0,0,0,1,0,1,0,6,1
802,1,0,31.0,1,1,26.25,1,0,0,0,0,0,0,0,1,0,0,0,1,0,0,0,1,0,1,0,10,2
803,1,1,11.0,1,2,120.0,2,0,1,0,0,0,0,0,0,1,0,0,0,0,0,0,1,1,0,0,6,1
804,1,1,0.42,0,1,8.5167,1,0,0,0,0,0,0,0,1,1,0,0,0,0,1,0,0,0,0,1,4,1
805,1,1,27.0,0,0,6.975,1,0,0,0,0,0,0,0,1,0,0,0,1,0,0,0,1,0,0,1,6,1
806,0,1,31.0,0,0,7.775,1,0,0,0,0,0,0,0,1,0,0,0,1,0,0,0,1,0,0,1,6,1
807,0,1,39.0,0,0,0.0,1,1,0,0,0,0,0,0,0,0,0,0,1,0,0,0,1,1,0,0,6,1
808,0,0,18.0,0,0,7.775,1,0,0,0,0,0,0,0,1,0,0,1,0,0,0,0,1,0,0,1,6,1
809,0,1,39.0,0,0,13.0,1,0,0,0,0,0,0,0,1,0,0,0,1,0,0,0,1,0,1,0,6,1
810,1,0,33.0,1,0,53.1,1,0,0,0,0,1,0,0,0,0,0,0,1,0,0,0,1,1,0,0,6,1
811,0,1,26.0,0,0,7.8875,1,0,0,0,0,0,0,0,1,0,0,0,1,0,0,0,1,0,0,1,4,1
812,0,1,39.0,0,0,24.15,1,0,0,0,0,0,0,0,1,0,0,0,1,0,0,0,1,0,0,1,9,2
813,0,1,35.0,0,0,10.5,1,0,0,0,0,0,0,0,1,0,0,0,1,0,0,0,1,0,1,0,5,1
814,0,0,6.0,4,2,31.275,1,0,0,0,0,0,0,0,1,0,0,1,0,0,0,0,1,0,0,1,6,1
815,0,1,30.5,0,0,8.05,1,0,0,0,0,0,0,0,1,0,0,0,1,0,0,0,1,0,0,1,6,1
816,0,1,33.5,0,0,0.0,1,0,1,0,0,0,0,0,0,0,0,0,1,0,0,0,1,1,0,0,6,1
817,0,0,23.0,0,0,7.925,1,0,0,0,0,0,0,0,1,0,0,1,0,0,0,0,1,0,0,1,16,2
818,0,1,31.0,1,1,37.0042,1,0,0,0,0,0,0,0,1,0,0,0,1,0,1,0,0,0,1,0,15,2
819,0,1,43.0,0,0,6.45,1,0,0,0,0,0,0,0,1,0,0,0,1,0,0,0,1,0,0,1,6,2
820,0,1,10.0,3,2,27.9,1,0,0,0,0,0,0,0,1,1,0,0,0,0,0,0,1,0,0,1,6,1
821,1,0,52.0,1,1,93.5,1,0,1,0,0,0,0,0,0,0,0,0,1,0,0,0,1,1,0,0,5,1
822,1,1,27.0,0,0,8.6625,1,0,0,0,0,0,0,0,1,0,0,0,1,0,0,0,1,0,0,1,6,1
823,0,1,38.0,0,0,0.0,1,0,0,0,0,0,0,0,1,0,0,0,0,1,0,0,1,1,0,0,5,1
824,1,0,27.0,0,1,12.475,1,0,0,0,0,1,0,0,0,0,0,0,1,0,0,0,1,0,0,1,6,1
825,0,1,2.0,4,1,39.6875,1,0,0,0,0,0,0,0,1,1,0,0,0,0,0,0,1,0,0,1,7,1
826,0,1,33.5,0,0,6.95,1,0,0,0,0,0,0,0,1,0,0,0,1,0,0,1,0,0,0,1,6,1
827,0,1,33.5,0,0,56.4958,1,0,0,0,0,0,0,0,1,0,0,0,1,0,0,0,1,0,0,1,4,1
828,1,1,1.0,0,2,37.0042,1,0,0,0,0,0,0,0,1,1,0,0,0,0,1,0,0,0,1,0,15,2
829,1,1,33.5,0,0,7.75,1,0,0,0,0,0,0,0,1,0,0,0,1,0,0,1,0,0,0,1,6,1
830,1,0,62.0,0,0,80.0,1,0,1,0,0,0,0,0,0,0,0,0,1,0,0,0,1,1,0,0,6,1
831,1,0,15.0,1,0,14.4542,1,0,0,0,0,0,0,0,1,0,0,0,1,0,1,0,0,0,0,1,4,1
832,1,1,0.83,1,1,18.75,1,0,0,0,0,0,0,0,1,1,0,0,0,0,0,0,1,0,1,0,5,1
833,0,1,33.5,0,0,7.2292,1,0,0,0,0,0,0,0,1,0,0,0,1,0,1,0,0,0,0,1,4,1
834,0,1,23.0,0,0,7.8542,1,0,0,0,0,0,0,0,1,0,0,0,1,0,0,0,1,0,0,1,6,1
835,0,1,18.0,0,0,8.3,1,0,0,0,0,0,0,0,1,0,0,0,1,0,0,0,1,0,0,1,4,1
836,1,0,39.0,1,1,83.1583,1,0,0,0,0,1,0,0,0,0,0,1,0,0,1,0,0,1,0,0,8,2
837,0,1,21.0,0,0,8.6625,1,0,0,0,0,0,0,0,1,0,0,0,1,0,0,0,1,0,0,1,6,1
838,0,1,33.5,0,0,8.05,1,0,0,0,0,0,0,0,1,0,0,0,1,0,0,0,1,0,0,1,6,1
839,1,1,32.0,0,0,56.4958,1,0,0,0,0,0,0,0,1,0,0,0,1,0,0,0,1,0,0,1,4,1
840,1,1,33.5,0,0,29.7,1,0,0,1,0,0,0,0,0,0,0,0,1,0,1,0,0,1,0,0,5,1
841,0,1,20.0,0,0,7.925,1,0,0,0,0,0,0,0,1,0,0,0,1,0,0,0,1,0,0,1,16,2
842,0,1,16.0,0,0,10.5,1,0,0,0,0,0,0,0,1,0,0,0,1,0,0,0,1,0,1,0,11,2
843,1,0,30.0,0,0,31.0,1,0,0,0,0,0,0,0,1,0,0,1,0,0,1,0,0,1,0,0,6,1
844,0,1,34.5,0,0,6.4375,1,0,0,0,0,0,0,0,1,0,0,0,1,0,1,0,0,0,0,1,4,1
845,0,1,17.0,0,0,8.6625,1,0,0,0,0,0,0,0,1,0,0,0,1,0,0,0,1,0,0,1,6,1
846,0,1,42.0,0,0,7.55,1,0,0,0,0,0,0,0,1,0,0,0,1,0,0,0,1,0,0,1,9,2
847,0,1,33.5,8,2,69.55,1,0,0,0,0,0,0,0,1,0,0,0,1,0,0,0,1,0,0,1,8,2
848,0,1,35.0,0,0,7.8958,1,0,0,0,0,0,0,0,1,0,0,0,1,0,1,0,0,0,0,1,6,1
849,0,1,28.0,0,1,33.0,1,0,0,0,0,0,0,0,1,0,1,0,0,0,0,0,1,0,1,0,6,1
850,1,0,33.5,1,0,89.1042,1,0,0,1,0,0,0,0,0,0,0,0,1,0,1,0,0,1,0,0,5,1
851,0,1,4.0,4,2,31.275,1,0,0,0,0,0,0,0,1,1,0,0,0,0,0,0,1,0,0,1,6,1
852,0,1,74.0,0,0,7.775,1,0,0,0,0,0,0,0,1,0,0,0,1,0,0,0,1,0,0,1,6,1
853,0,0,9.0,1,1,15.2458,1,0,0,0,0,0,0,0,1,0,0,1,0,0,1,0,0,0,0,1,4,1
854,1,0,16.0,0,1,39.4,1,0,0,0,1,0,0,0,0,0,0,1,0,0,0,0,1,1,0,0,8,2
855,0,0,44.0,1,0,26.0,1,0,0,0,0,0,0,0,1,0,0,0,1,0,0,0,1,0,1,0,6,1
856,1,0,18.0,0,1,9.35,1,0,0,0,0,0,0,0,1,0,0,0,1,0,0,0,1,0,0,1,6,1
857,1,0,45.0,1,1,164.8667,1,0,0,0,0,0,0,0,1,0,0,0,1,0,0,0,1,1,0,0,5,1
858,1,1,51.0,0,0,26.55,1,0,0,0,0,1,0,0,0,0,0,0,1,0,0,0,1,1,0,0,6,1
859,1,0,24.0,0,3,19.2583,1,0,0,0,0,0,0,0,1,0,0,0,1,0,1,0,0,0,0,1,4,1
860,0,1,33.5,0,0,7.2292,1,0,0,0,0,0,0,0,1,0,0,0,1,0,1,0,0,0,0,1,4,1
861,0,1,41.0,2,0,14.1083,1,0,0,0,0,0,0,0,1,0,0,0,1,0,0,0,1,0,0,1,6,1
862,0,1,21.0,1,0,11.5,1,0,0,0,0,0,0,0,1,0,0,0,1,0,0,0,1,0,1,0,5,1
863,1,0,48.0,0,0,25.9292,1,0,0,0,1,0,0,0,0,0,0,0,1,0,0,0,1,1,0,0,5,1
864,0,0,21.5,8,2,69.55,1,0,0,0,0,0,0,0,1,0,0,1,0,0,0,0,1,0,0,1,8,2
865,0,1,24.0,0,0,13.0,1,0,0,0,0,0,0,0,1,0,0,0,1,0,0,0,1,0,1,0,6,1
866,1,0,42.0,0,0,13.0,1,0,0,0,0,0,0,0,1,0,0,0,1,0,0,0,1,0,1,0,6,1
867,1,0,27.0,1,0,13.8583,1,0,0,0,0,0,0,0,1,0,0,1,0,0,1,0,0,0,1,0,13,2
868,0,1,31.0,0,0,50.4958,1,1,0,0,0,0,0,0,0,0,0,0,1,0,0,0,1,1,0,0,8,2
869,0,1,33.5,0,0,9.5,1,0,0,0,0,0,0,0,1,0,0,0,1,0,0,0,1,0,0,1,6,1
870,1,1,4.0,1,1,11.1333,1,0,0,0,0,0,0,0,1,1,0,0,0,0,0,0,1,0,0,1,6,1
871,0,1,26.0,0,0,7.8958,1,0,0,0,0,0,0,0,1,0,0,0,1,0,0,0,1,0,0,1,6,1
872,1,0,47.0,1,1,52.5542,1,0,0,0,1,0,0,0,0,0,0,0,1,0,0,0,1,1,0,0,5,1
873,0,1,33.0,0,0,5.0,3,0,1,0,0,0,0,0,0,0,0,0,1,0,0,0,1,1,0,0,3,1
874,0,1,47.0,0,0,9.0,1,0,0,0,0,0,0,0,1,0,0,0,1,0,0,0,1,0,0,1,6,1
875,1,0,28.0,1,0,24.0,1,0,0,0,0,0,0,0,1,0,0,0,1,0,1,0,0,0,1,0,9,2
876,1,0,15.0,0,0,7.225,1,0,0,0,0,0,0,0,1,0,0,1,0,0,1,0,0,0,0,1,4,1
877,0,1,20.0,0,0,9.8458,1,0,0,0,0,0,0,0,1,0,0,0,1,0,0,0,1,0,0,1,4,1
878,0,1,19.0,0,0,7.8958,1,0,0,0,0,0,0,0,1,0,0,0,1,0,0,0,1,0,0,1,6,1
879,0,1,33.5,0,0,7.8958,1,0,0,0,0,0,0,0,1,0,0,0,1,0,0,0,1,0,0,1,6,1
880,1,0,56.0,0,1,83.1583,1,0,0,1,0,0,0,0,0,0,0,0,1,0,1,0,0,1,0,0,5,1
881,1,0,25.0,0,1,26.0,1,0,0,0,0,0,0,0,1,0,0,0,1,0,0,0,1,0,1,0,6,1
882,0,1,33.0,0,0,7.8958,1,0,0,0,0,0,0,0,1,0,0,0,1,0,0,0,1,0,0,1,6,1
883,0,0,22.0,0,0,10.5167,1,0,0,0,0,0,0,0,1,0,0,1,0,0,0,0,1,0,0,1,4,1
884,0,1,28.0,0,0,10.5,1,0,0,0,0,0,0,0,1,0,0,0,1,0,0,0,1,0,1,0,16,2
885,0,1,25.0,0,0,7.05,1,0,0,0,0,0,0,0,1,0,0,0,1,0,0,0,1,0,0,1,15,2
886,0,0,39.0,0,5,29.125,1,0,0,0,0,0,0,0,1,0,0,0,1,0,0,1,0,0,0,1,6,1
887,0,1,27.0,0,0,13.0,1,0,0,0,0,0,0,0,1,0,1,0,0,0,0,0,1,0,1,0,6,1
888,1,0,19.0,0,0,30.0,1,0,1,0,0,0,0,0,0,0,0,1,0,0,0,0,1,1,0,0,6,1
889,0,0,21.5,1,2,23.45,1,0,0,0,0,0,0,0,1,0,0,1,0,0,0,0,1,0,0,1,10,2
890,1,1,26.0,0,0,30.0,1,0,0,1,0,0,0,0,0,0,0,0,1,0,1,0,0,1,0,0,6,1
891,0,1,32.0,0,0,7.75,1,0,0,0,0,0,0,0,1,0,0,0,1,0,0,1,0,0,0,1,6,1
